_id,pin,block_lot,filing_date,case_id,municipality,ward,docket_type,amount,plaintiff,last_activity
40303,0097S00008000000,97S8,2026-01-27,GD-26-000799,Pittsburgh,1,"",0,AmeriHome Mortgage Company LLC,2026-02-27
40255,0023K00418000001,23K418 000001,2026-01-09,GD-26-000273,Pittsburgh,1,"",2042500,Lewis Ronald L.,2026-02-09
40411,0001H00327100200,1H327 1002,2026-02-10,GD-26-001485,Pittsburgh,1,"",268887.04,Nextier Bank N.A.,2026-02-23
36492,0002J00082000000,2J82,2024-01-11,GD-24-000407,Pittsburgh,1,"",37719653.64,Wilmington Trust National Association,2026-02-24
37198,0001H00327150100,1H327 1501,2024-06-05,MG-24-000426,Pittsburgh,1,"",159949.35,Dollar Bank Federal Savings Bank,2025-12-09
40251,0001H00327100200,1H327 1002,2026-01-06,GD-26-000180,Pittsburgh,1,"",0,First National Bank of Pennsylvania,2026-01-16
35953,0142E00210000000,142E210,2023-10-09,MG-23-000926,Pittsburgh,1,"",0,U.S. Bank Trust National Association,2026-02-23
35350,0001H00327150100,1H327 1501,2023-05-31,MG-23-000519,Pittsburgh,1,"",0,Dollar Bank Federal Savings Bank,2024-01-03
35268,0001H00327120100,1H327 1201,2023-05-25,MG-23-000501,Pittsburgh,1,"",216894.34,Dollar Bank Federal Savings Bank,2024-01-22
30829,0001H00327120100,1H327 1201,2021-06-08,GD-21-006385,Pittsburgh,1,Settled and Discontinued,215953,Standard Bank PaSB,
30828,0001M00005000000,001M005,2021-06-03,GD-21-006200,Pittsburgh,1,Complaint,4226143.14,Commercial Bank & Trust of PA,
35274,0001M00122000000,1M122,2023-05-25,GD-23-006561,Pittsburgh,1,"",295672.01,Enterprise Bank,2023-11-03
36758,0542E00016000000,542E16,2024-03-25,MG-24-000214,Pittsburgh,1,"",103604.15,Freedom Mortgage Corporation,2024-04-23
35011,0203L00175000000,203L175,2023-03-31,GD-23-004553,Pittsburgh,1,"",20413088.24,Wells Fargo Bank National Association,2026-02-17
32435,0214K00225000000,214K225,2022-09-26,MG-22-000728,Pittsburgh,1,"",69391.11,Wells Fargo Bank National Association,2024-05-07
36103,0097G00007000000,97G7,2023-06-28,GD-23-007983,Pittsburgh,1,"",0,PNC Bank National Association,2025-01-06
35016,0203B00090000000,203B90,2023-03-31,GD-23-004553,Pittsburgh,1,"",20413088.24,Wells Fargo Bank National Association,2026-02-17
34955,0162R00248000000,162R248 000,2023-04-14,MG-23-000352,Pittsburgh,1,"",106865.9,U.S. Bank Trust National Association,2024-11-12
35026,0203L00180000000,203L180,2023-03-31,GD-23-004553,Pittsburgh,1,"",20413088.24,Wells Fargo Bank National Association,2026-02-17
35611,0004F00155000000,4F155,2023-06-15,MG-23-000570,Pittsburgh,1,"",174540.52,Specialized Loan Servicing LLC,2025-07-01
40252,0023K00418000002,23K418 000002,2026-01-09,GD-26-000273,Pittsburgh,1,"",2042500,Lewis Ronald L.,2026-02-09
35019,0203B00080000000,203B80,2023-03-31,GD-23-004553,Pittsburgh,1,"",20413088.24,Wells Fargo Bank National Association,2026-02-17
38536,0162R00248000000,162R248,2023-04-14,MG-23-000352,Pittsburgh,1,"",106865.9,U.S. Bank Trust National Association,2025-07-08
35025,0203F00050000000,203F50,2023-03-31,GD-23-004553,Pittsburgh,1,"",20413088.24,Wells Fargo Bank National Association,2026-02-17
37457,0082J00073000000,82J73,2024-01-31,MG-24-000080,Pittsburgh,10,"",156036.87,Federal National Mortgage Association,2024-09-05
36494,0121K00041000000,121K41,2024-01-30,MG-24-000075,Pittsburgh,10,"",75346.91,Carrington Mortgage Services LLC,2025-07-09
36955,0070D00146000000,70D146,2024-04-25,MG-24-000319,Pittsburgh,10,"",36279.36,Deutsche Bank National Trust Company,2025-11-06
34742,0082A00051000000,82A51,2023-03-10,MG-23-000231,Pittsburgh,10,"",0,Nationstar Mortgage LLC,2024-01-04
36632,0082J00073000000,82J73,2024-01-31,MG-24-000080,Pittsburgh,10,"",156036.87,Mortgage Assets Management LLC,2024-05-08
38678,0081F00194000000,81F194,2025-03-04,MG-25-000179,Pittsburgh,10,"",0,Nationstar Mortgage LLC,2025-04-23
36229,0121J00162000000,121J162,2023-06-21,MG-23-000584,Pittsburgh,10,"",36684.96,U.S. Bank Trust National Association,2023-11-29
39896,0081A00043000000,81A43,2025-10-30,MG-25-000939,Pittsburgh,10,"",442683.99,US Mortgage Loan Trust III,2026-01-16
37593,0121F00032000000,121F32,2024-08-26,MG-24-000646,Pittsburgh,10,"",83027.94,Rocket Mortgage LLC,2025-08-07
35397,0050J00017000000,50J17,2022-09-08,MG-22-000677,Pittsburgh,10,"",13264.24,Specialized Loan Servicing LLC,2025-06-03
37571,0050F00102000000,50F102,2024-08-09,MG-24-000613,Pittsburgh,10,"",14322.27,U.S. Bank National Association,2025-12-04
38193,0081H00156000000,81H156,2024-12-13,GD-24-014670,Pittsburgh,10,"",304045.49,U.S. Bank National Association,2025-04-02
35326,0082A00051000000,82A51,2023-05-12,MG-23-000463,Pittsburgh,10,"",0,PNC Bank National Association,2026-02-03
35407,0121P00098000000,121P98,2023-07-20,MG-23-000667,Pittsburgh,10,"",48873.27,First Commonwealth Bank,2023-09-06
40158,0120N00230000000,120N230,2025-12-29,MG-25-001087,Pittsburgh,10,"",33531.65,HSBC Bank USA N.A.,2026-01-29
36156,0081E00130000000,81E130 000,2023-11-08,MG-23-001020,Pittsburgh,10,"",67202.43,Planet Home Lending LLC,2023-12-11
34356,0081M00244000000,81M244,2022-05-11,MG-22-000363,Pittsburgh,10,"",,Freedom Mortgage Corporation,2024-07-15
34304,0383B00119000000,383B119,2023-01-27,GD-23-001373,Pittsburgh,10,"",0,Development Investment L.P.,2023-09-25
35780,0081C00023000000,81C23,2023-09-07,MG-23-000824,Pittsburgh,10,"",169168.11,HSBC Bank USA,2023-11-08
39704,0119S00227000000,119S227,2025-09-24,MG-25-000838,Pittsburgh,10,"",31804.71,U.S. Bank Trust Company National Association,2026-02-11
34822,0050J00050000000,50J50,2023-03-20,MG-23-000260,Pittsburgh,10,"",100628.97,Rocket Mortgage,2025-05-19
39016,0120S00262000000,120S262,2023-02-22,MG-23-000172,Pittsburgh,10,"",220011.56,Planet Home Lending LLC,2026-02-25
39737,0081L00072000000,81L72,2025-09-26,MG-25-000851,Pittsburgh,10,"",85691.75,Somerset Trust Company,2025-10-27
38030,0080D00390000000,80D390,2024-11-01,GD-24-012438,Pittsburgh,10,"",0,West-Aircomm FCU,2026-02-05
31581,0081D00161000000,81D161,2022-05-23,MG-22-000389,Pittsburgh,10,Complaint,0,US Bank N.A.,
31169,0081G00240000000,81G240,2022-01-06,MG-22-000013,Pittsburgh,10,Conciliation Requested (MG),,Pennsylvania Housing Finance Agency,
36907,0121K00133000000,121K133,2024-04-19,GD-24-004503,Pittsburgh,10,"",15687.89,PNC Bank National Association,2024-06-04
35940,0050J00017000000,50J17,2022-09-08,MG-22-000677,Pittsburgh,10,"",13264.24,907 East Street LLC,2024-05-07
31555,0081M00244000000,81M244 000000,2022-05-11,MG-22-000363,Pittsburgh,10,Sheriff Return,,Freedom Mortgage Corporation,
36004,0082E00278000000,82E278,2023-10-27,MG-23-000990,Pittsburgh,10,"",49289.11,BankUnited N.A.,2024-01-26
35195,0375R00036000000,375R36,2023-05-01,MG-23-000402,Pittsburgh,10,"",52572.96,Rocket Mortgage LLC,2025-05-21
34224,0121K00133000000,121K133,2023-01-11,MG-23-000022,Pittsburgh,10,"",15748.61,PNC Bank National Association,2023-08-07
36737,0050F00068000000,50F68,2024-03-21,GD-24-003365,Pittsburgh,10,"",304837.14,Commercial Lender LLC,2025-12-23
34131,0120N00195000000,120N195,2022-10-31,MG-22-000842,Pittsburgh,10,"",26592.33,Bank of New York Mellon Trust Company N.A.,2023-02-13
40246,0121F00035000000,121F35,2026-01-14,MG-26-000030,Pittsburgh,10,"",0,Rocket Mortgage LLC,2026-02-14
35077,0691L00074000000,691L74,2023-04-26,MG-23-000389,Pittsburgh,10,"",138192.67,US Bank Trust National Association,2024-07-09
31375,0082A00055000000,82A55 000000,2022-03-22,MG-22-000192,Pittsburgh,10,Sheriff Return,,Huntington National Bank,
34308,0383B00129000000,383B129,2023-01-27,GD-23-001373,Pittsburgh,10,"",0,Development Investment L.P.,2023-09-25
34213,0081C00246000000,81C246,2023-01-23,GD-23-000980,Pittsburgh,10,"",24420.09,Dollar Bank Federal Savings Bank,2023-02-22
33597,0119S00020000000,119S20,2022-11-15,MG-22-000903,Pittsburgh,10,"",38515.42,Wells Fargo Bank N.A.,2023-05-10
37085,0121K00115000000,121K115,2024-05-21,MG-24-000393,Pittsburgh,10,"",59359.44,U.S. Bank Trust Company National Association,2024-12-17
31772,0081G00010000000,81G10,2022-08-15,GD-22-010032,Pittsburgh,10,Confidential Information Form,0,Select Portfolio Servicing Inc.,
32157,0082E00278000000,82E278 000000,2022-08-30,MG-22-000635,Pittsburgh,10,"",55803.65,Bank United N.A.,2022-11-16
38897,0081G00210000000,81G210,2025-04-03,GD-25-003664,Pittsburgh,10,"",144879.76,First Commonwealth Bank,2025-06-04
31963,0081G00010000000,81G10,2022-08-15,GD-22-010032,Pittsburgh,10,"",0,Select Portfolio Servicing Inc.,2023-08-04
38912,0120N00230000000,120N230,2025-04-03,MG-25-000266,Pittsburgh,10,"",0,HSBC Bank USA N.A.,2025-05-02
35325,0050F00078000000,50F78,2023-05-11,MG-23-000455,Pittsburgh,10,"",26667.95,First Commonwealth Bank,2024-05-31
32160,0082A00055000000,82A55 000000,2022-03-22,MG-22-000192,Pittsburgh,10,"",,Huntington National Bank,2022-12-13
38085,0120J00155000000,120J155,2023-06-26,GD-23-007884,Pittsburgh,10,"",0,Cascade Funding Mortgage Trust HB13,2025-02-03
34128,0050J00017000000,50J17,2022-09-08,MG-22-000677,Pittsburgh,10,"",13264.24,Rushmore Loan Management Services LLC,2023-01-17
36331,0120H00011000000,120H11,2023-12-18,MG-23-001136,Pittsburgh,10,"",0,PNC Bank National Association,2024-05-30
31013,0050L00204000000,50L204,2021-11-09,GD-21-013769,Pittsburgh,10,Complaint,0,Pennsylvania Housing Finance Agency,
35596,0121N00025000000,121N25,2023-07-28,MG-23-000690,Pittsburgh,10,"",0,HSBC Bank USA National Association,2025-08-07
30995,0121N00025000000,121N25,2021-10-27,MG-21-000191,Pittsburgh,10,Complaint,91234.19,HSBC Bank USA National Association,
31786,0121K00043000000,121K43 000000,2022-08-02,MG-22-000559,Pittsburgh,10,Complaint,0,Nationstar Mortgage LLC,
31996,0050J00017000000,50J17,2022-09-08,MG-22-000677,Pittsburgh,10,"",13264.24,JPMorgan Chase Bank National Association,2022-12-16
36326,0120H00115000001,120H115 000001,2023-12-18,MG-23-001136,Pittsburgh,10,"",0,PNC Bank National Association,2024-05-30
39895,0081A00041000000,81A41,2025-10-30,MG-25-000939,Pittsburgh,10,"",442683.99,US Mortgage Loan Trust III,2026-01-16
35500,0120J00155000000,120J155,2023-06-26,GD-23-007884,Pittsburgh,10,"",0,Bank of New York Mellon Trust Company N.A.,2024-08-06
33462,0081G00240000000,81G240,2022-01-06,MG-22-000013,Pittsburgh,10,"",,Pennsylvania Housing Finance Agency,2023-10-02
30200,0050L00143000000,50L143,2020-02-19,GD-20-002674,Pittsburgh,10,Settled and Discontinued,9613.94,First Commonwealth Bank,
30916,0050K00234000000,50K234,2021-08-11,MG-21-000137,Pittsburgh,10,Sheriff Return,80810.06,NS193 LLC,
33836,0081R00313000000,81R313,2022-12-13,MG-22-001000,Pittsburgh,10,"",19540.3,PNC Bank National Association,2023-09-18
37043,0081F00001000000,81F1,2024-05-09,MG-24-000360,Pittsburgh,10,"",235123.95,Newrez LLC,2025-08-13
36949,0081S00274000000,81S274,2024-04-25,MG-24-000321,Pittsburgh,10,"",88417.24,Wells Fargo  Bank N.A.,2024-05-27
33004,0120J00197000000,120J197,2022-04-18,MG-22-000293,Pittsburgh,10,"",199185.56,Embrace Home Loans Inc.,2025-09-16
32441,0120H00111000000,120H111 000000,2022-09-07,GD-22-011304,Pittsburgh,10,"",0,PNC Bank National Association,2022-12-05
32456,0120H00115000000,120H115 000000,2022-09-07,GD-22-011304,Pittsburgh,10,"",0,PNC Bank National Association,2022-12-05
38931,0121P00118000000,121P118,2025-04-29,MG-25-000350,Pittsburgh,10,"",25942.68,PNC Bank National Association,2026-02-04
34824,0082A00055000000,82A55,2022-03-22,MG-22-000192,Pittsburgh,10,"",,Huntington National Bank,2023-05-17
38704,0081B00105000000,81B105,2025-03-19,MG-25-000234,Pittsburgh,10,"",181651.03,PNC Bank National Association,2026-02-25
40262,0050B00054000000,50B54,2026-01-19,MG-26-000037,Pittsburgh,10,"",21162.88,Towd Point Mortgage Trust 2023-1 U.S. Bank Trust Company Nat,2026-02-19
38263,0081A00040000000,81A40,2024-12-23,GD-24-015067,Pittsburgh,10,"",131912.91,Wilmington Savings Fund Society FSB,2025-12-26
40468,0050K00200000000,50K200,2026-02-26,MG-26-000169,Pittsburgh,10,"",48785.52,Pennsylvania Housing Finance Agency,2026-02-27
36006,0082A00156000000,82A156,2023-10-18,MG-23-000953,Pittsburgh,10,"",18057.94,Federal Home Loan Mortgage Corporation,2023-10-27
33496,0120S00137000000,120S137,2022-03-31,MG-22-000261,Pittsburgh,10,"",,Truist Bank,2023-04-27
39421,0050F00022000000,50F22,2025-03-31,GD-25-003518,Pittsburgh,10,"",0,U.S. Bank Trust Company National Association,2026-01-22
34747,0121L00113000000,121L113,2023-03-08,MG-23-000224,Pittsburgh,10,"",61734.41,Bank of New York Mellon,2023-10-10
40457,0050K00199000000,50K199,2026-02-26,MG-26-000169,Pittsburgh,10,"",48785.52,Pennsylvania Housing Finance Agency,2026-02-27
33890,0013G00228000000,13G228,2020-10-08,MG-20-000399,Pittsburgh,10,"",0,Wilmington Savings Fund Society FSB,2023-01-06
33133,0120N00343000000,120N343,2022-10-11,MG-22-000780,Pittsburgh,10,"",0,Specialized Loan Servicing LLC,2024-07-08
34835,0001M00282000000,1M282,2023-03-21,GD-23-003935,Pittsburgh,10,"",46089.77,Dollar Bank FSB,2024-02-05
32024,0042H00148000000,42H148,2022-09-09,MG-22-000681,Pittsburgh,10,"",101928.32,Nationstar Mortgage LLC,2024-03-26
37787,0121J00323000000,121J323,2024-10-01,GD-24-010900,Pittsburgh,10,"",272196.72,Secured Investment High Yield Fund II LLC,2025-05-27
36032,0081H00272000000,81H272,2023-09-29,MG-23-000893,Pittsburgh,10,"",21430.71,Allegent Community Federal Credit Union,2024-05-06
35614,0082J00078000000,82J78,2023-07-12,GD-23-008491,Pittsburgh,10,"",96389.63,SSB Bank,2023-12-14
33920,0120N00195000000,120N195 000000,2022-10-31,MG-22-000842,Pittsburgh,10,"",26592.33,Bank of New York Mellon Trust Company N.A.,2022-12-20
37130,0121K00043000000,121K43,2022-08-02,MG-22-000559,Pittsburgh,10,"",0,U.S. Bank Trust National Association,2025-05-27
33797,0121K00043000000,121K43 000000,2022-08-02,MG-22-000559,Pittsburgh,10,"",0,Nationstar Mortgage LLC,2022-12-02
37753,0081M00310000000,81M310,2024-09-27,MG-24-000719,Pittsburgh,10,"",63902.84,Keybank N.A.,2026-02-19
37746,0120J00155000000,120J155,2023-06-26,GD-23-007884,Pittsburgh,10,"",0,HB2 Alternative Holdings LLC,2025-02-03
32829,0120M00083000000,120M83 000000,2022-10-13,MG-22-000787,Pittsburgh,10,"",40935.71,Midfirst Bank,2022-12-21
37792,0082J00073000000,82J73,2024-01-31,MG-24-000080,Pittsburgh,10,"",156036.87,PHH Mortgage Corporation,2025-12-19
33165,0050K00234000000,50K234,2021-08-11,MG-21-000137,Pittsburgh,10,"",80810.06,NS193 LLC,2024-02-20
36225,0120N00195000000,120N195,2023-11-21,MG-23-001056,Pittsburgh,10,"",28935.6,Bank of New York Mellon Trust Company National Association,2024-02-06
34551,0120S00262000000,120S262,2023-02-22,MG-23-000172,Pittsburgh,10,"",220011.56,Village Capital & Investment LLC,2025-03-04
33177,0035G00158000000,35G158,2022-06-03,MG-22-000416,Pittsburgh,10,"",36650.53,Citibank N.A.,2023-03-01
31622,0035G00158000000,35G158,2022-06-03,MG-22-000416,Pittsburgh,10,Sheriff Return,36650.53,Citibank N.A.,
37756,0120J00155000000,120J155,2023-06-26,GD-23-007884,Pittsburgh,10,"",0,Wilmington Savings Fund Society FSB,2024-10-17
39731,0081F00095000000,81F95,2025-09-26,MG-25-000848,Pittsburgh,10,"",25177.73,PNC Bank National Association,2026-02-27
35866,0081G00250000000,81G250,2023-09-01,GD-23-010333,Pittsburgh,10,"",0,Keybank National Association,2024-12-05
34310,0383B00127000000,383B127,2023-01-27,GD-23-001373,Pittsburgh,10,"",0,Development Investment L.P.,2023-09-25
33689,0120M00293000000,120M293,2022-11-22,MG-22-000926,Pittsburgh,10,"",83084.54,Wells Fargo Bank N.A.,2023-09-11
37600,0121F00033000000,121F33,2024-08-26,MG-24-000646,Pittsburgh,10,"",83027.94,Rocket Mortgage LLC,2025-08-07
30572,0013G00228000000,13G228,2020-10-08,MG-20-000399,Pittsburgh,10,Sheriff Return,0,Wilmington Savings Fund Society FSB,
31479,0120J00197000000,120J197,2022-04-18,MG-22-000293,Pittsburgh,10,Sheriff Return,199185.56,Embrace Home Loans Inc.,
38208,0082E00278000000,82E278,2024-12-17,MG-24-000957,Pittsburgh,10,"",45234.74,Bankunited N.A.,2025-03-07
37594,0121F00035000000,121F35,2024-08-26,MG-24-000646,Pittsburgh,10,"",83027.94,Rocket Mortgage LLC,2025-08-07
33222,0050L00204000000,50L204,2021-11-09,GD-21-013769,Pittsburgh,10,"",0,Pennsylvania Housing Finance Agency,2023-05-04
39511,0120L00174000000,120L174,2025-08-07,MG-25-000664,Pittsburgh,10,"",231299.11,Freedom Mortgage Corporation,2026-02-23
37255,0082A00055000000,82A55,2024-06-18,GD-24-006700,Pittsburgh,10,"",259218.19,LHOME Mortgage Trust 2023-RTL1,2025-04-17
34403,0120H00115000000,120H115,2022-09-07,GD-22-011304,Pittsburgh,10,"",0,PNC Bank National Association,2023-03-02
33740,0081M00244000000,81M244 000000,2022-05-11,MG-22-000363,Pittsburgh,10,"",,Freedom Mortgage Corporation,2022-12-27
30605,0119S00227000000,119S227,2020-11-18,MG-20-000424,Pittsburgh,10,Complaint,0,U.S. Bank National Association,
35331,0050L00143000000,50L143,2023-05-11,GD-23-006078,Pittsburgh,10,"",4026.05,First Commonwealth Bank,2023-09-27
30615,0080H00152000000,80H152,2020-12-02,GD-20-012256,Pittsburgh,10,Complaint,242996.48,Equity Trust Company,
40371,0080D00144000100,80D144 1,2026-02-13,GD-26-001629,Pittsburgh,10,"",188343.34,First State Bank,2026-02-18
39837,0121N00081000000,121N81,2025-10-23,MG-25-000920,Pittsburgh,10,"",23370.74,U.S. Bank National Association,2026-01-12
38778,0050F00022000000,50F22 0000,2025-03-31,GD-25-003518,Pittsburgh,10,"",0,U.S. Bank Trust Company National Association,2025-06-16
33819,0121G00074000000,121G74,2022-12-08,MG-22-000974,Pittsburgh,10,"",103477.03,Crosscountry Mortgage LLC,2025-07-31
37486,0080D00200000000,80D200,2024-07-30,GD-24-008402,Pittsburgh,10,"",34781.16,Dollar Bank Federal Savings Bank,2025-02-25
37599,0121F00034000000,121F34,2024-08-26,MG-24-000646,Pittsburgh,10,"",83027.94,Rocket Mortgage LLC,2025-08-07
32567,0080H00152000000,80H152,2020-12-02,GD-20-012256,Pittsburgh,10,"",242996.48,Equity Trust Company,2023-04-24
34397,0120H00111000000,120H111,2022-09-07,GD-22-011304,Pittsburgh,10,"",0,PNC Bank National Association,2023-03-02
37745,0083A00144000000,83A144,2024-09-27,GD-24-010834,Pittsburgh,11,"",66744.97,HSBC Bank USA N.A.,2025-02-06
36118,0464G00104000000,464G104,2022-01-19,GD-22-000749,Pittsburgh,11,"",,Trinity Financial Services LLC,2023-11-08
35351,0176A00146000000,176A146,2023-05-31,GD-23-006772,Pittsburgh,11,"",22262.53,CIM Trust 2022-NR1,2024-06-11
37302,0083F00204000000,83F204,2024-06-25,MG-24-000486,Pittsburgh,11,"",34304.87,Nationstar Mortgage LLC,2025-03-19
31400,0050M00301000000,50M301,2022-03-25,MG-22-000216,Pittsburgh,11,Confidential Information Form,0,U.S. Bank Trust National Association,
39793,0082P00298000000,82P298,2025-10-13,MG-25-000892,Pittsburgh,11,"",273044.06,Citizens Bank N.A.,2026-02-20
33406,0083H00103000000,83H103,2020-12-28,MG-20-000444,Pittsburgh,11,"",29371.19,Deutsche Bank National Trust Company,2024-09-10
30340,0084D00061000000,0084D00061 000000,2020-03-09,GD-20-003845,Pittsburgh,11,Complaint,5190.21,Nationstar Mortgage LLC,
37573,0082L00086000000,82L86,2024-08-06,GD-24-008683,Pittsburgh,11,"",394715.38,U.S. Bank Trust National Association,2024-08-22
33360,0124E00175000000,124E175,2021-02-19,GD-21-001417,Pittsburgh,11,"",140246.38,U.S. Bank National Association,2022-11-01
40418,0050M00207000000,50M207,2023-03-24,MG-23-000294,Pittsburgh,11,"",61262.4,Lending One LLC,2026-02-24
31962,0082K00253000000,82K253,2021-01-15,MG-21-000012,Pittsburgh,11,"",199799.94,U.S. Bank National Association,2024-05-23
37931,0050H00093000000,50H93,2024-10-10,MG-24-000767,Pittsburgh,11,"",0,Deutsche Bank National Trust Company,2024-11-10
30478,0083A00078000000,0083A78,2020-05-06,MG-20-000371,Pittsburgh,11,Complaint,76704.39,Deutsche Bank National Trust Company,
33190,0083C00041000000,83C41,2021-02-02,GD-21-000954,Pittsburgh,11,"",57455.71,First Commonwealth Bank,2025-07-03
33180,0082F00214000000,82F214,2022-02-09,MG-22-000078,Pittsburgh,11,"",,Wells Fargo Bank N.A.,2024-01-02
30127,0083E00137000000,0083E00137 000000,2020-01-22,MG-20-000072,Pittsburgh,11,Complaint,0,Guaranteed Rate Inc.,
33158,0083F00108000000,83F108,2022-01-05,MG-22-000008,Pittsburgh,11,"",,Cascade Funding Mortgage Trust HB2,2022-11-01
39817,0083A00078000000,83A78,2025-10-06,MG-25-000875,Pittsburgh,11,"",71282.94,Deutsche Bank National Trust Company,2026-02-26
32055,0092P00193000000,92P193,2021-03-12,MG-21-000058,Pittsburgh,11,"",96461.37,U.S. Bank Trust N.A.,2025-04-17
30654,0083H00103000000,83H103,2020-12-28,MG-20-000444,Pittsburgh,11,Complaint,29371.19,Deutsche Bank National Trust Company,
30678,0082K00253000000,082K253,2021-01-15,MG-21-000012,Pittsburgh,11,Complaint,199799.94,U.S. Bank National Association,
39351,0083A00285000000,83A285,2025-07-22,GD-25-007997,Pittsburgh,11,"",307438.7,Sentinel Security Life Insurance Company,2026-02-11
30689,0083C00041000000,83C41,2021-02-02,GD-21-000954,Pittsburgh,11,Complaint,57455.71,First Commonwealth Bank,
30705,0124E00175000000,124E175,2021-02-19,GD-21-001417,Pittsburgh,11,Complaint,140246.38,U.S. Bank National Association,
35742,0082P00136000000,82P136,2023-09-07,GD-23-010455,Pittsburgh,11,"",440853.78,FTF Lending LLC,2024-06-11
38091,0082R00057000000,82R57 000,2023-10-09,GD-23-011738,Pittsburgh,11,"",376671.64,IBI SBL Investment LP,2025-01-08
30756,0092P00193000000,92P193,2021-03-12,MG-21-000058,Pittsburgh,11,Sheriff Return,96461.37,U.S. Bank Trust N.A.,
38089,0082P00136000000,82P136,2023-09-07,GD-23-010455,Pittsburgh,11,"",440853.78,Reigo by Meitav Dash US Investments LLC,2026-01-08
33956,0083K00277011A00,83K277 011A00,2022-12-23,MG-22-001037,Pittsburgh,11,"",0,Wells Fargo Bank N.A.,2023-01-04
33640,0083F00204000000,83F204,2022-11-18,MG-22-000918,Pittsburgh,11,"",44920.3,Nationstar Mortgage LLC,2023-04-24
38684,0083E00047000000,83E47,2025-03-17,GD-25-002833,Pittsburgh,11,"",196853.7,MMG Investments IV LLC,2025-09-24
36426,0083F00330000000,83F330,2024-01-18,MG-24-000041,Pittsburgh,11,"",97979.39,Deutsche Bank National Trust Company,2024-05-03
32638,0083M00034000000,83M34,2021-11-02,GD-21-013446,Pittsburgh,11,"",261804.2,Toorak Capital Partners LLC,2023-04-21
38976,0082R00057000000,82R57,2023-10-09,GD-23-011738,Pittsburgh,11,"",376671.64,IBI SBL Investment LP,2026-01-08
35899,0082R00057000000,82R57 000,2023-10-09,GD-23-011738,Pittsburgh,11,"",376671.64,FTF Lending LLC,2024-06-11
35978,0083A00095000000,83A95,2023-10-04,GD-23-011574,Pittsburgh,11,"",63658.1,Allegent Community Federal Credit Union,2023-11-22
33551,0050M00301000000,50M301,2022-03-25,MG-22-000216,Pittsburgh,11,"",0,U.S. Bank Trust National Association,2024-01-02
36394,0082G00085000000,82G85,2023-12-06,MG-23-001104,Pittsburgh,11,"",148145.92,PNC Bank National Association,2023-12-29
31005,0083M00034000000,83M34 000000,2021-11-02,GD-21-013446,Pittsburgh,11,Complaint,261804.2,Toorak Capital Partners LLC,
36033,0124B00016000000,124B16,2023-10-04,GD-23-011581,Pittsburgh,11,"",423026.82,Groundfloor Properties GA LLC,2025-06-10
34805,0050M00207000000,50M207,2023-03-24,MG-23-000294,Pittsburgh,11,"",61262.4,U.S. Bank Trust Company National Association,2026-01-05
31114,0050H00120000000,50H120,2021-12-27,MG-21-000274,Pittsburgh,11,Complaint,27005.63,Alfa Corporation,
35089,0050H00061000000,50H61,2023-04-19,MG-23-000362,Pittsburgh,11,"",49090.94,Dollar Bank Federal Savings Bank,2023-05-31
31151,0464G00104000000,464G104,2022-01-19,GD-22-000749,Pittsburgh,11,Complaint,,Trinity Financial Services LLC,
31164,0083F00108000000,83F108,2022-01-05,MG-22-000008,Pittsburgh,11,Conciliation Extension Requested (MG),,Cascade Funding Mortgage Trust HB2,
33610,0083A00078000000,83A78,2022-11-07,MG-22-000865,Pittsburgh,11,"",74145.3,Deutsche Bank National Trust Company,2022-12-05
31246,0082F00214000000,82F214 000000,2022-02-09,MG-22-000078,Pittsburgh,11,Sheriff Return,,Wells Fargo Bank N.A.,
35170,0084D00061000000,84D61,2020-03-09,GD-20-003845,Pittsburgh,11,"",5190.21,Nationstar Mortgage LLC,2023-05-15
39599,0083B00128000100,83B128 000100,2025-08-15,MG-25-000693,Pittsburgh,11,"",0,Keybank National Association,2026-02-27
30043,0082R00234000000,82R234,2020-01-19,GD-20-000978,Pittsburgh,11,Sheriff Return,134577.27,Bruening David,
37494,0083E00076000000,83E76,2024-07-02,MG-24-000519,Pittsburgh,11,"",76004.76,Park Tree Investments 25 LLC,2026-02-25
35493,0083E00076000000,83E76,2023-06-27,GD-23-007917,Pittsburgh,11,"",0,Park Tree Investments 25 LLC,2024-02-12
40391,0124E00157000000,124E157,2026-02-04,MG-26-000092,Pittsburgh,11,"",0,Citizens Bank N.A.,2026-02-19
37752,0083E00250000000,83E250,2024-09-27,MG-24-000723,Pittsburgh,11,"",27118.23,Pennsylvania Housing Finance Agency,2025-01-02
35730,0082H00191000000,82H191,2023-09-06,GD-23-010405,Pittsburgh,11,"",419059.91,Lhome Mortgage Trust 2022-Rtl1,2024-10-18
37531,0082K00253000000,82K253,2021-01-15,MG-21-000012,Pittsburgh,11,"",199799.94,Wilmington Savings Fund Society FSB,2026-02-10
39840,0083A00159000000,83A159,2025-10-27,GD-25-011247,Pittsburgh,11,"",388609.73,Century Heritage Federal Credit Union,2025-11-27
39819,0083F00352000000,83F352,2025-10-09,GD-25-010565,Pittsburgh,11,"",58160.48,U.S. Bank Trust National Association,2026-02-11
40175,0083F00330000000,83F330,2025-12-01,MG-25-001013,Pittsburgh,11,"",0,Deutsche Bank National Trust Company,2026-01-21
35750,0173C00234000000,173C234,2023-06-21,GD-23-007649,Pittsburgh,12,"",31361.7,USAA Federal Savings Bank,2024-08-28
37917,0124K00203000000,124K203,2023-09-29,MG-23-000895,Pittsburgh,12,"",25123.23,U.S. Bank Trust National Association,2025-04-23
36800,0124H00216000000,124H216,2022-12-19,MG-22-001021,Pittsburgh,12,"",6138.06,CIM Trust 2022-NR1,2025-03-03
35980,0124L00096000000,124L96,2023-10-20,MG-23-000963,Pittsburgh,12,"",133992.01,Wilmington Savings Fund Society FSB,2024-11-06
37337,0124R00047000000,124R47,2024-06-28,MG-24-000503,Pittsburgh,12,"",14403.87,Keybank N.A.,2024-09-26
34218,0123S00010000000,123S10,2022-08-03,GD-22-009605,Pittsburgh,12,"",26770.32,PNC Bank National Association,2023-05-08
39666,0173L00105000000,173L105,2025-09-08,MG-25-000779,Pittsburgh,12,"",24722.04,HSBC Bank USA National Association,2025-10-14
37863,0083S00294000000,83S294,2024-10-22,GD-24-011828,Pittsburgh,12,"",16842.68,Dollar Bank Federal Savings Bank,2025-04-09
31766,0123S00010000000,123S10 000000,2022-08-03,GD-22-009605,Pittsburgh,12,Sheriff Return,26770.32,PNC Bank National Association,
32182,0123S00010000000,123S10 000000,2022-08-03,GD-22-009605,Pittsburgh,12,"",26770.32,PNC Bank National Association,2022-12-22
30078,0124P00088000000,124P00088,2020-01-07,MG-20-000024,Pittsburgh,12,Complaint,81546.1,Nationstar Mortgage LLC,
37120,0124G00106000100,124G106 000100,2024-05-28,MG-24-000407,Pittsburgh,12,"",12993.58,NewRez LLC,2026-02-23
30521,0123S00018000000,0123S18,2020-09-11,GD-20-009653,Pittsburgh,12,Affidavit of Service,73405.71,U.S. Bank National Association,
33187,0123S00018000000,0123S18,2020-09-11,GD-20-009653,Pittsburgh,12,"",73405.71,U.S. Bank National Association,2023-02-02
32109,0124R00307000000,124R307,2022-07-08,MG-22-000505,Pittsburgh,12,"",27881.56,Babylon Capital LLC,2022-10-06
33563,0124K00120000000,124K120,2022-11-03,MG-22-000851,Pittsburgh,12,"",4133.17,NDF1 LLC,2022-12-05
34309,0125G00066000000,125G66,2023-01-27,MG-23-000083,Pittsburgh,12,"",68541.93,DLJ Mortgage Capital Inc.,2023-11-01
35141,0173C00301000000,173C301,2023-05-11,MG-23-000456,Pittsburgh,12,"",52621.44,HSBC Bank USA N.A.,2025-09-12
32718,0173E00066000000,173E66,2020-11-06,MG-20-000420,Pittsburgh,12,"",0,U.S. Bank National Association,2022-11-17
38097,0124K00120000000,124K120,2024-11-04,GD-24-012563,Pittsburgh,12,"",0,American Investments LLC,2025-08-25
33593,0125G00284000000,125G284,2022-11-09,MG-22-000876,Pittsburgh,12,"",15721,Keybank NA,2023-04-24
35829,0172R00164000000,172R164,2023-09-14,MG-23-000844,Pittsburgh,12,"",13980.3,Midfirst Bank,2024-12-10
31310,0125G00110000000,125G110,2022-03-01,MG-22-000127,Pittsburgh,12,Sheriff Return,129082.5,Babylon Capital LLC,
30883,0173A00016000000,173A16,2021-07-16,MG-21-000120,Pittsburgh,12,Sheriff Return,32136.82,Federal Home Loan Mortgage Corporation,
34876,0125L00196000000,125L196,2023-02-27,MG-23-000188,Pittsburgh,12,"",0,Nationstar Mortgage LLC,2025-12-10
39472,0124H00031000000,124H31,2025-08-04,MG-25-000649,Pittsburgh,12,"",52862.75,Deutche Bank National Trust Company,2026-02-19
35032,0172N00153000000,172N153,2021-12-09,MG-21-000258,Pittsburgh,12,"",,Midfirst Bank,2023-04-24
39105,0172N00157000000,172N157,2025-05-23,MG-25-000418,Pittsburgh,12,"",28785.15,Citizens Bank N.A.,2025-11-10
35844,0125H00348000000,125H348,2023-09-28,GD-23-011378,Pittsburgh,12,"",0,Citibank N.A.,2024-06-17
35938,0124K00203000000,124K203,2023-09-29,MG-23-000895,Pittsburgh,12,"",25123.23,Specialized Loan Servicing LLC,2024-07-23
35458,0124H00045000000,124H45,2023-06-20,MG-23-000578,Pittsburgh,12,"",17798.57,PNC Bank National Association,2023-08-16
38513,0125D00063000000,125D63,2024-01-05,GD-24-000154,Pittsburgh,12,"",161639.73,U.S. Bank Trust Company National Association,2025-08-27
33432,0173P00156000000,173P156,2022-04-13,MG-22-000285,Pittsburgh,12,"",38304.4,Dollar Bank Federal Savings Bank,2023-03-13
32961,0124H00148000000,124H148,2021-11-19,MG-21-000231,Pittsburgh,12,"",18752.56,Trinity Financial Services LLC,2023-03-20
39803,0215P00333000000,215P333,2025-10-02,MG-25-000868,Pittsburgh,12,"",142889.45,U.S. Bank National Association,2026-02-05
36674,0124P00088000000,124P88,2020-01-07,MG-20-000024,Pittsburgh,12,"",81546.1,Mortgage Assets Management LLC,2024-08-03
36836,0124N00280000000,124N280,2024-04-03,MG-24-000250,Pittsburgh,12,"",158628.76,Freedom Mortgage Corporation,2025-11-06
34656,0172R00258000000,172R258,2022-06-09,MG-22-000426,Pittsburgh,12,"",90314.29,Pennsylvania Housing Finance Agency,2024-03-08
31056,0124H00148000000,124H148 000000,2021-11-19,MG-21-000231,Pittsburgh,12,Praecipe for Appearance,18752.56,Trinity Financial Services LLC,
38661,0173B00286000000,173B286,2025-03-04,MG-25-000175,Pittsburgh,12,"",27028.24,U.S. Bank Trust National Association,2026-02-20
38392,0124L00137000000,124L137,2025-01-17,MG-25-000039,Pittsburgh,12,"",98117.1,Clearview Federal Credit Union,2026-02-24
31099,0172N00153000000,172N153 000000,2021-12-09,MG-21-000258,Pittsburgh,12,Sheriff Return,,Midfirst Bank,
33902,0124H00216000000,124H216,2022-12-19,MG-22-001021,Pittsburgh,12,"",6138.06,Plaza Revolving Trust,2023-12-12
33963,0116J00311000000,116J311,2022-12-23,GD-22-016016,Pittsburgh,12,"",119630.34,Citizens Bank N.A.,2024-05-08
31721,0124R00307000000,124R307,2022-07-08,MG-22-000505,Pittsburgh,12,Sheriff Return,27881.56,Babylon Capital LLC,
35849,0124P00088000000,124P88,2020-01-07,MG-20-000024,Pittsburgh,12,"",81546.1,Nationstar Mortgage LLC,2024-02-22
39843,0173J00002000000,173J2,2025-10-27,MG-25-000927,Pittsburgh,12,"",41704.09,First Commonwealth Bank,2026-01-06
36405,0125D00063000000,125D63 0000,2024-01-05,GD-24-000154,Pittsburgh,12,"",161639.73,U.S. Bank Trust Company National Association,2025-01-29
37891,0125L00055000000,125L55,2024-10-25,GD-24-012000,Pittsburgh,12,"",688850.45,Bridgeway Capital Inc.,2025-09-09
35877,0137R00112000000,137R112,2023-10-03,MG-23-000905,Pittsburgh,12,"",7305.11,Dollar Bank Federal Savings Bank,2023-11-01
31191,0173P00154000000,173P154 000000,2022-01-20,MG-22-000037,Pittsburgh,12,Complaint,,Huntington National Bank,
36634,0125A00508000000,125A508,2024-02-28,MG-24-000147,Pittsburgh,12,"",0,Loandepot.com LLC,2024-04-01
38240,0173L00090000000,173L90,2024-12-20,MG-24-000974,Pittsburgh,12,"",0,Pennsylvania Housing Finance Agency,2026-01-08
37890,0125L00054000000,125L54,2024-10-25,GD-24-012000,Pittsburgh,12,"",688850.45,Bridgeway Capital Inc.,2025-09-09
37639,0125G00026000000,125G26,2024-08-30,GD-24-009664,Pittsburgh,12,"",202931.9,LHome Mortgage Trust 2023-RTL1,2024-11-19
31595,0125A00155000000,125A155 000000,2022-06-10,GD-22-007238,Pittsburgh,12,Complaint,0,HSBC Bank USA  National Association,
33014,0125C00037000000,125C37,2022-10-11,GD-22-012766,Pittsburgh,12,"",53692.29,Groundfloor Properties GA LLC,2023-04-11
37559,0124K00120000000,124K120,2022-11-03,MG-22-000851,Pittsburgh,12,"",4133.17,American Investments LLC,2024-09-22
36766,0125B00077000000,125B77,2024-03-26,MG-24-000217,Pittsburgh,12,"",62142.72,Citigroup Mortgage Loan Trust 2022-A,2024-12-11
30226,0125D00033000000,125D33,2020-02-06,MG-20-000144,Pittsburgh,12,Complaint,25058.99,Trinity Financial Services LLC,
31471,0173P00156000000,173P156,2022-04-13,MG-22-000285,Pittsburgh,12,Complaint,38304.4,Dollar Bank Federal Savings Bank,
34549,0173A00200000000,173A200,2023-02-22,MG-23-000174,Pittsburgh,12,"",53292.18,Wilmington Savings Fund Society FSB,2024-06-09
33745,0124P00217000000,124P217,2022-11-16,MG-22-000908,Pittsburgh,12,"",1583.41,JPMorgan Chase Bank National Association,2023-09-11
32086,0173P00154000000,173P154,2022-01-20,MG-22-000037,Pittsburgh,12,"",,Huntington National Bank,2023-01-13
30601,0173E00066000000,173E66,2020-11-06,MG-20-000420,Pittsburgh,12,Complaint,0,U.S. Bank National Association,
36678,0173E00285000000,173E285,2024-03-08,GD-24-002804,Pittsburgh,12,"",0,Keybank N.A.,2025-02-04
33924,0124L00130000000,124L130,2022-12-09,GD-22-015269,Pittsburgh,12,"",22844.08,Citizens Bank N.A.,2023-04-05
38383,0173B00210000000,173B210,2025-01-08,GD-25-000193,Pittsburgh,12,"",86547.08,Dollar Bank Federal Savings Bank,2025-08-27
32337,0125G00110000000,125G110,2022-03-01,MG-22-000127,Pittsburgh,12,"",129082.5,Babylon Capital LLC,2023-05-19
35483,0124S00198000000,124S198,2023-06-02,MG-23-000530,Pittsburgh,12,"",59427.17,U.S. Bank Trust National Association,2024-03-13
31632,0172R00258000000,172R258,2022-06-09,MG-22-000426,Pittsburgh,12,Order of Court - Held for Conciliation,90314.29,Pennsylvania Housing Finance Agency,
30960,0232A00333000000,232A333,2021-09-27,MG-21-000169,Pittsburgh,13,Complaint,25157.15,CitiMortgage Inc.,
35969,0232D00112000000,232D112,2023-10-24,MG-23-000970,Pittsburgh,13,"",42067.3,U.S. Bank Trust National Association,2026-01-02
38629,0541K00116000000,541K116,2025-02-27,MG-25-000158,Pittsburgh,13,"",22431.68,PNC Bank National Association,2026-02-24
32439,0232C00118000000,232C118,2022-09-14,GD-22-011516,Pittsburgh,13,"",57804.05,US Bank National Association,2024-02-15
35478,0174F00073000000,174F73,2023-07-06,MG-23-000628,Pittsburgh,13,"",35836.69,U.S. Bank Trust National Association,2024-11-15
35336,0175C00368000000,175C368,2023-04-28,GD-23-005550,Pittsburgh,13,"",0,U.S. Bank Trust National Association,2024-05-08
39222,0125M00164000000,125M164,2025-06-18,GD-25-006611,Pittsburgh,13,"",2213474.45,Bridgeway Capital Inc.,2025-08-28
39221,0125M00160000000,125M160,2025-06-18,GD-25-006611,Pittsburgh,13,"",2213474.45,Bridgeway Capital Inc.,2025-08-28
30994,0125M00366000000,125M366,2021-10-26,MG-21-000190,Pittsburgh,13,Complaint,15889.03,HDRS LLC,
35851,0174G00277000000,174G277,2022-08-03,MG-22-000566,Pittsburgh,13,"",30335.36,Wilmington Savings Fund FSB,2024-12-11
33473,0174A00148000000,174A148,2022-03-30,MG-22-000248,Pittsburgh,13,"",,Pennsylvania Housing Finance Agency,2025-06-10
30580,0174R00156000000,174R156,2020-10-22,MG-20-000407,Pittsburgh,13,Complaint,0,J.P. Morgan Mortgage Acquisition Corporation,
37844,0174R00156000000,174R156,2020-10-22,MG-20-000407,Pittsburgh,13,"",0,U.S. Bank Trust National Association,2024-10-17
39061,0174A00053000000,174A53,2025-05-22,MG-25-000412,Pittsburgh,13,"",53794.33,First Commonwealth Bank,2025-08-18
38975,0174E00094000000,174E94,2025-05-01,GD-25-004785,Pittsburgh,13,"",32593.06,Bank of New York Mellon,2026-02-10
32529,0174G00277000000,174G277 000000,2022-08-03,MG-22-000566,Pittsburgh,13,"",30335.36,Wilmington Savings Fund FSB,2022-12-16
32056,0121K00313000000,121K313,2021-03-09,MG-21-000049,Pittsburgh,13,"",148130.57,U.S. Bank Trust National Association,2022-12-27
36669,0232A00333000000,232A333,2021-09-27,MG-21-000169,Pittsburgh,13,"",25157.15,CitiMortgage Inc.,2024-03-05
36249,0231E00148000000,231E148,2023-11-29,MG-23-001082,Pittsburgh,13,"",31438.46,Citizens Bank N. A.,2026-02-24
32165,0125M00366000000,125M366,2021-10-26,MG-21-000190,Pittsburgh,13,"",15889.03,HDRS LLC,2024-01-12
33863,0174K00322000000,0174K00322,2020-10-28,GD-20-011178,Pittsburgh,13,"",25489.33,Nationstar Mortgage LLC,2022-12-14
34539,0174A00207000000,174A207,2023-02-22,MG-23-000171,Pittsburgh,13,"",9823.3,Equigrowth Properties LLLP,2026-02-23
37036,0232H00056000000,232H56,2024-05-06,MG-24-000345,Pittsburgh,13,"",38447.75,Keybank N.A.,2024-10-02
31794,0174G00277000000,174G277 000000,2022-08-03,MG-22-000566,Pittsburgh,13,Complaint,30335.36,Wilmington Savings Fund FSB,
32625,0174N00290000000,174N290,2020-04-01,GD-20-004895,Pittsburgh,13,"",48051.34,Ajax Mortgage Loan Trust 2019 E Mortgage Backed Securities,2023-05-30
33854,0174K00322000000,0174K00322,2020-10-28,GD-20-011178,Pittsburgh,13,"",25489.33,DLJ Mortgage Capital Inc.,2022-12-14
34414,0232C00150000000,232C150,2023-02-06,MG-23-000113,Pittsburgh,13,"",44388.56,Deutsche Bank National Trust Company,2025-10-22
38133,0232G00204000000,232G204,2024-11-27,GD-24-013960,Pittsburgh,13,"",0,PNC Bank National Association,2025-05-06
39687,0232H00056000000,232H56,2025-09-19,GD-25-009855,Pittsburgh,13,"",36355.71,Keybank National Association,2026-01-06
30696,0231R00030000000,231R30,2021-02-09,GD-21-001137,Pittsburgh,13,Complaint,0,Trinity Financial Services LLC,
30577,0174B00160000000,174B160,2020-10-16,MG-20-000404,Pittsburgh,13,Complaint,0,Trinity Financial Services LLC,
30746,0121K00313000000,121K313,2021-03-09,MG-21-000049,Pittsburgh,13,Complaint,148130.57,U.S. Bank Trust National Association,
36467,0174C00018000000,174C18,2024-01-12,MG-24-000029,Pittsburgh,13,"",14875.32,Bank of America N.A.,2024-03-25
38813,0175A00037000000,175A37,2025-04-01,MG-25-000262,Pittsburgh,13,"",0,Wells Fargo Bank N.A.,2025-09-22
40132,0174L00009000000,174L9,2025-12-12,MG-25-001047,Pittsburgh,13,"",344491.45,U.S. Bank National Association,2026-02-26
35033,0174L00305000000,174L305,2023-04-24,MG-23-000378,Pittsburgh,13,"",53669.95,First Commonwealth Bank,2023-08-08
32613,0231G00146000000,231G146,2022-09-08,MG-22-000670,Pittsburgh,13,"",0,Pennsylvania Housing Finance Agency,2022-10-24
35598,0175D00163000000,175D163,2023-06-01,MG-23-000523,Pittsburgh,13,"",0,Keybank N.A.,2026-01-29
34168,0175C00038000000,175C38,2023-01-19,GD-23-000817,Pittsburgh,13,"",11524.54,Dollar Bank Federal Savings Bank,2023-03-10
39860,0174L00098000000,174L98,2025-10-14,MG-25-000893,Pittsburgh,13,"",12804.09,U.S. Bank National Association,2026-02-26
39608,0174N00179000000,174N179 0000,2025-08-28,MG-25-000752,Pittsburgh,13,"",41493.59,U.S. Bank Trust Company National Association,2026-01-13
30564,0174K00322000000,0174K00322,2020-10-28,GD-20-011178,Pittsburgh,13,Complaint,25489.33,Nationstar Mortgage LLC,
35330,0174J00135000000,174J135,2020-03-05,GD-20-003661,Pittsburgh,13,"",78943.14,Dawkins Eric,2023-05-31
31431,0174A00148000000,174A148,2022-03-30,MG-22-000248,Pittsburgh,13,Complaint,,Pennsylvania Housing Finance Agency,
33888,0175B00165000000,175B165,2022-12-16,MG-22-001012,Pittsburgh,13,"",24355.06,Fifth Third Bank National Association,2023-12-12
39211,0125M00166000000,125M166,2025-06-18,GD-25-006615,Pittsburgh,13,"",142697.81,Bridgeway Capital Inc.,2025-08-28
38157,0231L00038000000,231L38,2024-12-05,MG-24-000923,Pittsburgh,13,"",12513.9,Wells Fargo Bank National Association,2026-01-09
33049,0174B00157000000,174B157 000000,2022-04-28,GD-22-005135,Pittsburgh,13,"",,U.S. Bank N.A.,2022-10-26
30658,0175D00336000000,175D336,2021-01-04,GD-21-000041,Pittsburgh,13,Proof of Service,10586.78,Onyx & Shadow Equities LLC,
33196,0231R00030000000,231R30,2021-02-09,GD-21-001137,Pittsburgh,13,"",0,Trinity Financial Services LLC,2022-11-01
38614,0174A00039000000,174A39,2025-02-26,MG-25-000152,Pittsburgh,13,"",23699.29,U.S. Bank National Association,2026-02-20
35333,0231R00088000000,231R88,2020-03-04,MG-20-000267,Pittsburgh,13,"",21616.39,New Start Notes,2023-05-31
39419,0125H00255000000,125H255,2025-06-27,MG-25-000528,Pittsburgh,13,"",39964.73,Bank of New York Mellon,2025-08-30
36627,0174A00032000000,174A32,2024-02-27,MG-24-000142,Pittsburgh,13,"",22835.37,EAS Sensorsense Inc.,2025-12-10
35791,0174H00123000000,174H123,2022-01-19,MG-22-000028,Pittsburgh,13,"",,Cascade Funding Mortgage Trust HB7,2024-02-02
30445,0174N00290000000,174N290,2020-04-01,GD-20-004895,Pittsburgh,13,Complaint,48051.34,Ajax Mortgage Loan Trust 2019 E Mortgage Backed Securities,
34051,0174K00322000000,174K322,2020-10-28,GD-20-011178,Pittsburgh,13,"",25489.33,DLJ Mortgage Capital Inc.,2024-10-23
35958,0174B00069000000,174B69,2023-10-23,MG-23-000968,Pittsburgh,13,"",22818.82,U.S. Bank National Association,2024-03-19
38219,0174E00089000000,174E89,2024-12-18,GD-24-014797,Pittsburgh,13,"",17844.75,Midfirst Bank,2026-01-06
38569,0232C00015000000,232C15,2025-02-06,MG-25-000096,Pittsburgh,13,"",40340.46,First Commonwealth Bank,2025-04-04
32168,0026L00286000000,26L286 000000,2022-09-16,GD-22-011668,Pittsburgh,13,"",0,Guaranteed Rate Inc.,2022-11-16
38556,0175B00165000000,175B165,2025-02-21,MG-25-000135,Pittsburgh,13,"",25001.34,Fifth Third Bank National Association,2026-02-19
34058,0174K00322000000,174K322,2020-10-28,GD-20-011178,Pittsburgh,13,"",25489.33,Nationstar Mortgage LLC,2024-10-23
30854,0175G00132000000,175G132,2021-07-08,GD-21-007814,Pittsburgh,13,Acceptance of Service,339753.72,15 CCD Corporation,
30855,0175G00096000000,175G96,2021-07-08,GD-21-007814,Pittsburgh,13,Acceptance of Service,339753.72,15 CCD Corporation,
30856,0175G00115000000,175G115,2021-07-08,GD-21-007814,Pittsburgh,13,Acceptance of Service,339753.72,15 CCD Corporation,
30857,0175G00127000000,175G127,2021-07-08,GD-21-007814,Pittsburgh,13,Acceptance of Service,339753.72,15 CCD Corporation,
39846,0175H00057000000,175H57,2025-10-03,MG-25-000871,Pittsburgh,13,"",33072.82,U.S. Bank National Association,2026-02-25
35992,0003M00263000000,3M263,2023-10-03,MG-23-000911,Pittsburgh,13,"",0,Dollar Bank FSB,2023-11-01
38753,0174G00012000000,174G12,2025-03-21,GD-25-003105,Pittsburgh,13,"",0,First National Bank of Pennsylvania,2025-08-27
34020,0175C00030000000,175C30,2021-09-21,MG-21-000163,Pittsburgh,13,"",43132.67,Beyondhatslacha LLC,2024-12-09
35949,0174F00142000000,174F142,2023-09-29,GD-23-011421,Pittsburgh,13,"",99148.61,Groundfloor Properties GA LLC,2025-10-16
32585,0175C00030000000,175C30,2021-09-21,MG-21-000163,Pittsburgh,13,"",43132.67,Arbutus Ventures LLC,2022-11-08
34200,0026L00286000000,26L286,2022-09-16,GD-22-011668,Pittsburgh,13,"",0,Guaranteed Rate Inc.,2023-12-01
33050,0231K00159000000,231K159,2022-03-01,MG-22-000131,Pittsburgh,13,"",,Argolica LLC,2023-03-29
38099,0174K00322000000,174K322,2020-10-28,GD-20-011178,Pittsburgh,13,"",25489.33,U.S. Bank Trust National Association,2026-02-26
33256,0232C00132000000,232C132,2020-11-25,MG-20-000432,Pittsburgh,13,"",0,JMJL Investment Group LLC,2022-11-01
36285,0232D00047000000,232D47,2023-12-08,GD-23-014125,Pittsburgh,13,"",63594.06,Mortgage Assets Management LLC,2024-01-12
38407,0231L00062000000,231L62,2025-01-27,MG-25-000061,Pittsburgh,13,"",0,U.S. Bank National Association,2025-03-06
30396,0174P00306000000,174P306,2020-03-12,MG-20-000299,Pittsburgh,13,Certificate of Location,32033.38,US Bank National Association,
30365,0231R00088000000,231R88,2020-03-04,MG-20-000267,Pittsburgh,13,Motion for Alternative Service,21616.39,New Start Notes,
31313,0231K00159000000,231K159,2022-03-01,MG-22-000131,Pittsburgh,13,Sheriff Return,,Argolica LLC,
30715,0231G00134000000,231G134,2021-02-09,MG-21-000028,Pittsburgh,13,Order of Court,0,Trinity Financial Services LLC,
33338,0174B00160000000,174B160,2021-09-02,MG-21-000154,Pittsburgh,13,"",15144.93,Trinity Financial Services LLC,2022-11-01
31182,0174H00123000000,174H123,2022-01-19,MG-22-000028,Pittsburgh,13,Complaint,,Mortgage Assets Management LLC,
39274,0174B00157000000,174B157,2022-04-28,GD-22-005135,Pittsburgh,13,"",,U.S. Bank N.A.,2025-07-01
39686,0056C00223000000,56C223,2025-09-19,MG-25-000823,Pittsburgh,13,"",27372.87,U.S. Bank National Association,2025-10-20
31446,0174B00157000000,174B157 000000,2022-04-28,GD-22-005135,Pittsburgh,13,Complaint,,U.S. Bank N.A.,
40339,0174E00098000000,174E98 000000,2026-02-06,GD-26-001176,Pittsburgh,13,"",22182.52,First Citizens Bank & Trust Company,2026-02-06
40178,0175D00077000000,175D77,2025-12-09,MG-25-001033,Pittsburgh,13,"",0,U.S. Bank National Association,2026-02-26
34521,0121K00313000000,121K313,2021-03-09,MG-21-000049,Pittsburgh,13,"",148130.57,Wilmington Savings Fund Society FSB,2026-01-08
30613,0232C00132000000,232C132,2020-11-25,MG-20-000432,Pittsburgh,13,Complaint,0,Trinity Financial Services LLC,
30945,0174B00160000000,174B160,2021-09-02,MG-21-000154,Pittsburgh,13,Praecipe to Reinstate,15144.93,Trinity Financial Services LLC,
31821,0175D00286000000,175D286,2022-08-15,MG-22-000593,Pittsburgh,13,Sheriff Return,0,Deutsche Bank National Trust Company,
30335,0174J00135000000,174J135,2020-03-05,GD-20-003661,Pittsburgh,13,Certificate of Location,78943.14,Dawkins Eric,
30954,0175C00030000000,175C30,2021-09-21,MG-21-000163,Pittsburgh,13,Sheriff Return,43132.67,Arbutus Ventures LLC,
38919,0231K00028000000,231K28,2025-04-09,MG-25-000291,Pittsburgh,13,"",23975.27,U.S. Bank National Association,2026-02-25
38070,0175B00140000000,175B140,2024-11-18,MG-24-000867,Pittsburgh,13,"",221194.58,AmeriHome Mortgage Company LLC,2025-03-04
32700,0174H00123000000,174H123,2022-01-19,MG-22-000028,Pittsburgh,13,"",,Mortgage Assets Management LLC,2023-08-24
39689,0174G00012000000,174G12,2025-03-21,GD-25-003105,Pittsburgh,13,"",0,Headlands Residential Series Owner Trust Series E,2026-01-15
33127,0175D00286000000,175D286,2022-08-15,MG-22-000593,Pittsburgh,13,"",0,Deutsche Bank National Trust Company,2023-11-02
37148,0174B00069000000,174B69,2023-10-23,MG-23-000968,Pittsburgh,13,"",22818.82,REO 2021-NR4 LLC,2024-08-29
38582,0174J00385000000,174J385,2025-02-10,GD-25-001428,Pittsburgh,13,"",5977070.68,Federal National Mortgage Association,2026-02-12
39428,0174F00234000000,174F234,2025-07-30,GD-25-008290,Pittsburgh,13,"",84645.15,Pennsylvania State Employees Credit Union,2025-12-02
38656,0176B00024000000,176B24,2025-03-07,MG-25-000197,Pittsburgh,14,"",48613.62,Keybank National Association,2025-05-29
38052,0178A00066000000,178A66,2024-11-01,GD-24-012395,Pittsburgh,14,"",0,Century Heritage Federal Credit Union,2025-11-25
39768,0087A00064000000,87A64,2022-09-01,MG-22-000655,Pittsburgh,14,"",336232.5,Walczak Stephanie Alene,2026-02-20
34832,0088G00299000000,88G299,2023-03-21,MG-23-000272,Pittsburgh,14,"",56167.47,PNC Bank National Association,2023-09-06
38015,0129J00025000000,129J25,2024-11-07,GD-24-012765,Pittsburgh,14,"",22963.92,U.S. Bank Trust Company National Association,2025-09-18
33008,0054J00083000000,54J83,2021-11-19,MG-21-000232,Pittsburgh,14,"",90824.92,PHH Mortgage Corporation,2023-09-22
36227,0087A00064000000,87A64,2023-11-29,MG-23-001086,Pittsburgh,14,"",36744.27,Citizens Bank National Association,2025-01-16
36710,0086L00111000000,86L111,2024-03-15,GD-24-003188,Pittsburgh,14,"",10446016.32,Ameriserv Financial Bank,2026-01-07
35926,0087G00267000000,87G267,2023-10-16,MG-23-000944,Pittsburgh,14,"",255353.81,Wilmington Savings Fund Society FSB,2024-08-22
36235,0125R00149000000,125R149,2023-11-13,GD-23-013057,Pittsburgh,14,"",151073.23,Cascade Funding Mortgage Trust HB4,2024-12-18
34986,0175E00128000000,175E128,2023-04-03,MG-23-000317,Pittsburgh,14,"",12177.33,PNC Bank National Association,2023-05-22
33874,0052S00123000000,52S123,2022-12-01,GD-22-014653,Pittsburgh,14,"",102608.9,Dollar Bank Federal Savings Bank,2023-01-11
32457,0087A00064000000,87A64,2022-09-01,MG-22-000655,Pittsburgh,14,"",336232.5,Legacy Mortgage Asset Trust 2020-Gs4,2025-08-06
40395,0088A00084000000,88A84,2026-02-18,MG-26-000141,Pittsburgh,14,"",47910.32,PNC Bank National Association,2026-02-20
36532,0126D00224000000,126D224,2024-02-01,MG-24-000081,Pittsburgh,14,"",0,U.S. Bank Trust National Association,2025-04-08
33213,0053S00025000000,53S25,2022-03-10,GD-22-002695,Pittsburgh,14,"",,Citizens Bank N.A.,2022-11-01
30460,0052M00215000000,52M215,2020-04-10,MG-20-000355,Pittsburgh,14,Complaint,0,Wells Fargo Bank,
40108,0176N00002000000,176N2,2025-12-16,MG-25-001057,Pittsburgh,14,"",54091.45,PNC Bank National Association,2026-02-09
35079,0126D00116000000,126D116,2023-03-31,MG-23-000310,Pittsburgh,14,"",92083.6,New Residential Mortgage Loan Trust 2017-1,2026-01-21
34431,0125P00114000000,125P114,2023-02-08,MG-23-000126,Pittsburgh,14,"",0,Citizens Bank N.A.,2024-09-27
37328,0087D00143000000,87D143,2024-06-27,MG-24-000501,Pittsburgh,14,"",348579.26,Matrix Financial Services Corporation,2025-02-19
33550,0087C00099000000,87C99,2022-01-03,MG-22-000002,Pittsburgh,14,"",,Loancare LLC,2024-04-03
36733,0129G00097000000,129G97,2024-03-07,MG-24-000167,Pittsburgh,14,"",39064.92,PNC Bank National Association,2024-04-10
39983,0087R00108000000,87R108,2025-11-03,MG-25-000951,Pittsburgh,14,"",343137.14,Pennymac Loan Services LLC,2025-12-30
30840,0086D00153000000,86D153,2021-06-01,MG-21-000103,Pittsburgh,14,Sheriff Return,240538.84,US Bank Trust National Association,
40253,0052L00034010300,52L34 103,2026-01-05,GD-26-000025,Pittsburgh,14,"",174155.88,First Commonwealth Bank,2026-02-16
30961,0126E00057000000,126E57,2021-09-28,MG-21-000170,Pittsburgh,14,Complaint,155621.09,PHH Mortgage Corporation,
36171,0054J00083000000,54J83,2021-11-19,MG-21-000232,Pittsburgh,14,"",90824.92,OLIT 2023 HB1 Alternative Holdings LLC,2024-06-05
31057,0054J00083000000,54J83,2021-11-19,MG-21-000232,Pittsburgh,14,Praecipe for Appearance,90824.92,PHH Mortgage Corporation,
31144,0126P00002000000,126P2,2022-01-18,GD-22-000627,Pittsburgh,14,Praecipe,48401.62,Cunningham Deborah A.,
31145,0126P00002000000,126P2,2022-01-18,GD-22-000627,Pittsburgh,14,Praecipe,48401.62,Cunningham Lance R.,
31158,0087C00099000000,87C99 000000,2022-01-03,MG-22-000002,Pittsburgh,14,Sheriff Return,,Loancare LLC,
31271,0086N00051000000,86N51,2022-02-18,MG-22-000104,Pittsburgh,14,Confidential Information Form,,U.S. Bank Trust National Association,
31295,0053S00025000000,53S25,2022-03-10,GD-22-002695,Pittsburgh,14,Praecipe to Reinstate,,Citizens Bank N.A.,
31379,0087G00267000000,87G267,2022-03-23,MG-22-000196,Pittsburgh,14,Settled and Discontinued,244795.56,Wilmington Savings Fund Society FSB,
39897,0129J00025000000,129J25,2024-11-07,GD-24-012765,Pittsburgh,14,"",22963.92,Barclays 2022-RLP1 REO Corp.,2026-02-26
38533,0125R00020000000,125R20,2025-01-17,GD-25-000512,Pittsburgh,14,"",271071.51,U.S. Bank Trust Company National Association,2026-01-08
31605,0053S00025000000,53S25,2022-06-24,GD-22-008021,Pittsburgh,14,Praecipe for Appearance,100372.44,Citizens Bank N.A.,
31708,0087D00187000000,87D187,2022-07-01,MG-22-000491,Pittsburgh,14,Sheriff Return,128766.99,Nationstar Mortgage LLC,
37826,0087L00049010600,87L49 010600,2024-10-15,GD-24-011500,Pittsburgh,14,"",85731.65,Selene Finance LP,2025-06-18
31759,0052S00123000000,52S123,2022-07-27,MG-22-000544,Pittsburgh,14,Complaint,97364.3,Dollar Bank Federal Savings Bank,
34881,0128S00031000000,128S31,2023-02-27,GD-23-002817,Pittsburgh,14,"",74367.8,Mortgage Assets Management LLC,2024-06-09
32116,0052S00123000000,52S123,2022-07-27,MG-22-000544,Pittsburgh,14,"",97364.3,Dollar Bank Federal Savings Bank,2022-11-01
36373,0087S00253000000,87S253,2023-12-27,MG-23-001157,Pittsburgh,14,"",173291.86,Mortgage Assets Management,2025-02-04
34291,0052M00215000000,52M215,2020-04-10,MG-20-000355,Pittsburgh,14,"",0,Wells Fargo Bank,2025-01-24
39769,0087A00064000000,87A64,2022-09-01,MG-22-000655,Pittsburgh,14,"",336232.5,Kishbaugh John Eric,2026-02-20
39767,0087A00064000000,87A64,2022-09-01,MG-22-000655,Pittsburgh,14,"",336232.5,U.S. Bank Trust National Association,2026-02-20
38783,0176B00024000000,176B24,2025-02-28,MG-25-000166,Pittsburgh,14,"",65452.66,KeyBank N.A.,2025-05-23
38550,0086D00153000000,86D153,2025-02-19,MG-25-000128,Pittsburgh,14,"",0,J.P. Morgan Mortgage Acquisition Corp.,2025-04-28
34281,0126N00026000000,126N26,2023-01-26,MG-23-000076,Pittsburgh,14,"",224657.27,U.S. Bank National Association,2025-01-17
35900,0176N00040000000,176N40,2023-10-09,GD-23-011728,Pittsburgh,14,"",186283.43,Dollar Bank Federal Savings Bank,2024-03-06
38391,0125R00020000000,125R20 0000,2025-01-17,GD-25-000512,Pittsburgh,14,"",271071.51,U.S. Bank Trust Company National Association,2025-01-21
39577,0174N00148000000,174N148,2025-08-26,MG-25-000736,Pittsburgh,14,"",0,Deutsche Bank National Trust Company,2026-02-23
35014,0125R00020000000,125R20,2023-04-21,GD-23-005255,Pittsburgh,14,"",76765.16,U.S. Bank N.A.,2023-10-25
40228,0086D00153000000,86D153,2026-01-02,MG-26-000002,Pittsburgh,14,"",151579.26,Wilmington Savings Fund Society FSB,2026-02-27
33086,0087D00187000000,87D187,2022-07-01,MG-22-000491,Pittsburgh,14,"",128766.99,Nationstar Mortgage LLC,2022-11-29
36711,0086L00013000000,86L13,2024-03-15,GD-24-003188,Pittsburgh,14,"",10446016.32,Ameriserv Financial Bank,2026-01-07
38980,0126P00002000000,126P2,2022-01-18,GD-22-000627,Pittsburgh,14,"",48401.62,Cunningham Deborah A.,2025-07-03
36425,0086D00153000000,86D153,2024-01-17,MG-24-000036,Pittsburgh,14,"",170644.08,US Bank Trust National Association,2024-04-09
32739,0053S00025000000,53S25,2022-06-24,GD-22-008021,Pittsburgh,14,"",100372.44,Citizens Bank N.A.,2023-03-23
38993,0126P00002000000,126P2,2022-01-18,GD-22-000627,Pittsburgh,14,"",48401.62,Cunningham Lance R.,2025-07-03
33310,0126E00057000000,126E57,2021-09-28,MG-21-000170,Pittsburgh,14,"",155621.09,PHH Mortgage Corporation,2022-11-01
32563,0126H00215000000,126H215 000000,2022-09-16,MG-22-000700,Pittsburgh,14,"",0,PNC Bank National Association,2022-11-01
37114,0125P00013000000,125P13,2024-05-08,MG-24-000350,Pittsburgh,14,"",132675.7,Lakeview Loan Servicing LLC,2026-02-17
34514,0087D00187000000,87D187,2022-07-01,MG-22-000491,Pittsburgh,14,"",128766.99,MCLP Asset Company Inc.,2023-05-12
34180,0129G00149000000,129G149,2023-01-06,MG-23-000011,Pittsburgh,14,"",136918.28,U.S. Bank Trust National Association,2023-02-17
33110,0087G00267000000,87G267,2022-10-28,MG-22-000833,Pittsburgh,14,"",243088.94,Wilmington Savings Fund Society FSB,2022-11-25
37849,0088A00084000000,88A84,2024-10-18,MG-24-000778,Pittsburgh,15,"",94907.04,Keybank N.A.,2025-02-14
31824,0056R00108000000,56R108 000000,2022-08-16,MG-22-000596,Pittsburgh,15,Complaint,17768.5,Wilmington Savings Fund Society FSB,
33394,0056F00184000000,0056F00184,2021-07-15,MG-21-000118,Pittsburgh,15,"",30079.39,Trinity Financial Services LLC,2022-11-01
34070,0013H00086000000,13H86,2023-01-09,MG-23-000015,Pittsburgh,15,"",81323.73,Deutsche Bank National Trust Company,2024-12-06
35151,0056P00039000000,56P39,2020-08-13,MG-20-000380,Pittsburgh,15,"",9352.87,Saint House 1 LLC,2023-05-15
31663,0056C00332000000,56C332,2022-06-19,MG-22-000457,Pittsburgh,15,Confidential Information Form,25802.99,Pacific Ocean Services Inc.,
38222,0056F00369000000,56F369 0000,2024-12-18,MG-24-000963,Pittsburgh,15,"",54564.04,Deutsche Bank National Trust Company,2025-01-18
34444,0054R00132000000,54R132,2023-02-10,GD-23-001964,Pittsburgh,15,"",0,Wells Fargo Bank N.A.,2023-04-04
31651,0056N00002000000,56N2,2022-06-15,MG-22-000445,Pittsburgh,15,Complaint,0,PNC Bank National Association,
35538,0056R00331000000,56R331,2023-07-12,MG-23-000646,Pittsburgh,15,"",0,Wells Fargo Bank N.A.,2023-08-23
40323,0054L00083000000,54L83,2026-01-20,GD-26-000614,Pittsburgh,15,"",0,PNC Bank National Association,2026-02-20
30881,0056F00184000000,0056F00184,2021-07-15,MG-21-000118,Pittsburgh,15,Complaint,30079.39,Trinity Financial Services LLC,
34256,0056J00130000000,56J130,2023-01-04,MG-23-000007,Pittsburgh,15,"",21518.58,Vanderbilt Mortgage & Finance Inc.,2025-09-30
30536,0056S00004000000,0056S4,2020-09-29,GD-20-010318,Pittsburgh,15,Complaint,39153.72,Wells Fargo Bank National Association,
36867,0055B00212000000,55B212,2024-04-16,MG-24-000285,Pittsburgh,15,"",17153.57,Bank of New York Mellon Trust Company National Association,2024-10-11
32336,0087J00148000000,87J148,2021-11-30,GD-21-014405,Pittsburgh,15,"",0,R3P LLC,2022-12-16
37699,0055A00146000000,55A146,2024-09-13,GD-24-010212,Pittsburgh,15,"",98156.86,Citibank N.A.,2026-02-19
30514,0056P00039000000,056P039,2020-08-13,MG-20-000380,Pittsburgh,15,Complaint,9352.87,Saint House 1 LLC,
38526,0056G00065000000,56G65,2025-01-08,GD-25-000194,Pittsburgh,15,"",0,U.S. Bank Trust Company National Association,2026-01-14
38370,0056G00065000000,56G65 0000,2025-01-08,GD-25-000194,Pittsburgh,15,"",0,U.S. Bank Trust Company National Association,2025-01-14
30034,0054R00256000000,0054R00256 000000,2020-01-15,GD-20-000818,Pittsburgh,15,Complaint,0,Wells Fargo Bank National Association,
33197,0056C00332000000,56C332,2022-06-19,MG-22-000457,Pittsburgh,15,"",25802.99,Pacific Ocean Services Inc.,2023-04-24
36226,0054M00176000000,54M176,2023-11-29,MG-23-001083,Pittsburgh,15,"",145043.59,Wells Fargo Bank N.A.,2024-01-01
33350,0056P00201000000,56P201,2020-02-19,GD-20-002714,Pittsburgh,15,"",57323.87,U.S. Bank National Association,2023-04-19
38264,0057B00079000100,57B79 0001,2024-12-24,GD-24-015132,Pittsburgh,15,"",103442.54,U.S. Bank Trust Company National Association,2026-02-26
30477,0055D00026000000,0055D26,2020-05-06,MG-20-000370,Pittsburgh,15,Complaint,116241.43,U.S. Bank National Association,
36870,0055F00043000000,55F43,2024-04-05,MG-24-000259,Pittsburgh,15,"",109260.3,Citizens Bank N.A.,2024-07-01
33723,0056N00002000000,56N2,2022-11-16,MG-22-000907,Pittsburgh,15,"",29159.04,Keybank NA,2023-09-14
36230,0056R00221000000,56R221,2023-11-29,MG-23-001079,Pittsburgh,15,"",0,U.S. Bank National Association,2026-02-09
36877,0031F00108000000,31F108,2024-04-02,MG-24-000239,Pittsburgh,15,"",0,Huntington National Bank,2025-10-03
33954,0055F00027000000,55F27,2022-12-22,MG-22-001033,Pittsburgh,15,"",37139.58,Lakeview Loan Servicing LLC,2023-03-06
35142,0055F00201000000,55F201,2023-05-11,MG-23-000459,Pittsburgh,15,"",0,Wells Fargo Bank N.A.,2024-04-09
30292,0055F00058000000,0055F58,2020-02-19,MG-20-000212,Pittsburgh,15,Complaint,99341.52,Quicken Loans Inc.,
30399,0057D00036000000,57D36,2020-03-12,MG-20-000302,Pittsburgh,15,Complaint,20264.72,MidFirst Bank,
31066,0057G00314000000,57G314,2021-11-24,MG-21-000240,Pittsburgh,15,Complaint,14935.39,Wilmington Savings Fund Society FSB,
39658,0054L00009000000,54L9,2025-09-03,MG-25-000764,Pittsburgh,15,"",7140.95,U.S. Bank National Association,2025-10-22
38581,0055F00043000000,55F43,2025-02-07,MG-25-000103,Pittsburgh,15,"",116796.74,Citizens Bank N.A.,2026-02-19
37428,0055C00257000000,55C257,2024-07-22,MG-24-000562,Pittsburgh,15,"",135000,GV Holdings LLC,2025-04-08
35137,0055F00199000000,55F199,2023-05-11,MG-23-000459,Pittsburgh,15,"",0,Wells Fargo Bank N.A.,2024-04-09
30203,0056P00201000000,56P201,2020-02-19,GD-20-002714,Pittsburgh,15,Amended Complaint,57323.87,U.S. Bank National Association,
30355,0055H00297000000,055H00297 000000,2020-03-20,GD-20-004458,Pittsburgh,15,Complaint,0,U.S. Bank National Association,
38625,0054S00246000000,54S246,2025-02-13,MG-25-000113,Pittsburgh,15,"",47595.77,First Commonwealth Bank,2025-03-10
34343,0056N00002000000,56N2,2022-06-15,MG-22-000445,Pittsburgh,15,"",0,PNC Bank National Association,2023-09-11
32676,0054R00028000000,54R28 0000,2022-10-03,GD-22-012492,Pittsburgh,15,"",26152.09,Newrez LLC,2022-12-29
32320,0056S00004000000,0056S4,2020-09-29,GD-20-010318,Pittsburgh,15,"",39153.72,Wells Fargo Bank National Association,2024-01-09
33349,0055H00297000000,55H297,2020-03-20,GD-20-004458,Pittsburgh,15,"",0,U.S. Bank National Association,2023-03-08
31024,0087J00148000000,87J148,2021-11-30,GD-21-014405,Pittsburgh,15,Complaint,0,R3P LLC,
37381,0057C00094000000,57C94,2024-07-11,GD-24-007466,Pittsburgh,15,"",0,U.S. Bank National Association,2026-02-09
32977,0057G00314000000,57G314,2021-11-24,MG-21-000240,Pittsburgh,15,"",14935.39,Wilmington Savings Fund Society FSB,2024-02-20
38455,0088A00084000000,88A84,2025-01-30,MG-25-000075,Pittsburgh,15,"",48977.47,PNC Bank National Association,2025-08-05
35249,"",55R124 00,2023-05-02,MG-23-000412,Pittsburgh,15,"",16291.61,Fifth Third Bank N.A,2024-12-10
32356,0054R00256000000,0054R00256,2020-01-15,GD-20-000818,Pittsburgh,15,"",0,Wells Fargo Bank National Association,2022-10-12
32355,0055D00026000000,0055D26,2020-05-06,MG-20-000370,Pittsburgh,15,"",116241.43,U.S. Bank National Association,2023-08-17
32876,0056R00108000000,56R108 000000,2022-08-16,MG-22-000596,Pittsburgh,15,"",17768.5,Wilmington Savings Fund Society FSB,2022-11-04
35661,0014N00230000000,14N230,2023-08-03,MG-23-000713,Pittsburgh,15,"",0,U.S. Bank Trust National Association,2023-09-15
37608,0087P00078000000,87P78,2024-08-16,GD-24-009217,Pittsburgh,15,"",282581.94,Citizens Bank N.A.,2024-10-17
34990,0054R00256000000,54R256,2020-01-15,GD-20-000818,Pittsburgh,15,"",0,Wells Fargo Bank National Association,2023-04-19
38951,0056N00002000000,56N2,2025-04-21,MG-25-000314,Pittsburgh,15,"",41599.25,Keybank N.A.,2026-02-23
38763,0056F00369000000,56F369,2024-12-18,MG-24-000963,Pittsburgh,15,"",54564.04,Deutsche Bank National Trust Company,2025-04-23
39313,0057B00067000000,57B67,2025-07-15,MG-25-000578,Pittsburgh,15,"",23371.89,Bank of America N.A.,2026-02-04
34027,0297B00155000000,297B155,2023-01-03,MG-23-000002,Pittsburgh,15,"",60846.38,Wells Fargo Bank N.A.,2024-12-06
36651,0088E00064000000,88E64,2024-01-31,MG-24-000079,Pittsburgh,15,"",116667.77,Citizens Bank N.A.,2026-01-14
34299,0054R00028000000,54R28,2022-10-03,GD-22-012492,Pittsburgh,15,"",26152.09,Newrez LLC,2024-07-26
32659,0055F00058000000,0055F58,2020-02-19,MG-20-000212,Pittsburgh,15,"",99341.52,Quicken Loans Inc.,2024-02-16
38268,0056G00007000000,56G7,2024-12-26,MG-24-000985,Pittsburgh,15,"",59886.21,Bank of New York Mellon,2026-02-13
35961,0087N00019000A00,87N19 000A,2023-10-23,MG-23-000969,Pittsburgh,15,"",0,U.S. Bank Trust Company National Association,2024-09-20
40248,0013G00309000000,13G309,2026-01-13,GD-26-000354,Pittsburgh,16,"",285724.22,NWL Company LLC,2026-02-13
37265,0012G00114000A00,12G114 A,2021-01-22,GD-21-000717,Pittsburgh,16,"",47250,Wagner Linda,2025-09-16
39584,0055L00058000100,55L58 000100,2025-08-13,GD-25-008696,Pittsburgh,16,"",22454.76,PNC Bank National Association,2026-02-23
37873,0013D00099000000,13D99,2024-10-23,MG-24-000793,Pittsburgh,16,"",0,Barclays Mortgage Trust 2022-RPL1 Mortgage Backed Securities,2026-02-04
39551,0012R00144000000,12R144,2025-08-22,MG-25-000728,Pittsburgh,16,"",180590.66,United Wholesale Mortgage LLC,2026-02-08
39954,0032A00158000000,32A158,2025-11-11,GD-25-011994,Pittsburgh,16,"",63243.81,MCLP Asset Company Inc.,2026-01-20
37726,0013H00113000000,13H113,2024-09-18,GD-24-010340,Pittsburgh,16,"",67152.08,Loan Funder LLC Series 39881,2025-05-23
38051,0013D00223000000,13D223,2024-11-01,GD-24-012395,Pittsburgh,16,"",0,Century Heritage Federal Credit Union,2025-11-25
40297,0013C00016000000,13C16,2026-01-06,GD-26-000126,Pittsburgh,16,"",412358.48,CFSBank,2026-01-29
34216,0030J00068000000,30J68,2020-02-18,GD-20-002685,Pittsburgh,16,"",15499.62,US Bank Trust National Association,2023-08-25
36833,0013D00054000000,13D54,2024-04-02,MG-24-000237,Pittsburgh,16,"",341987.49,MCLP Asset Company Inc.,2026-02-19
36799,0032A03302000000,32A3302,2024-03-29,MG-24-000228,Pittsburgh,16,"",2178048,Citizens Bank N.A,2025-09-09
30051,0032E00010000000,32E10,2020-01-28,GD-20-001475,Pittsburgh,16,Complaint,17753.44,Wilmington Savings Fund Society FSB,
34406,0013L00085000000,13L85,2023-02-03,MG-23-000108,Pittsburgh,16,"",84475.11,First Commonwealth Bank,2023-03-01
38974,0032A00024000000,32A24,2025-03-31,MG-25-000257,Pittsburgh,16,"",111795.98,Pennymac Loan Services LLC,2025-06-09
39710,0013N00223000000,13N223,2025-09-05,MG-25-000773,Pittsburgh,16,"",34814.7,U.S. Bank National Association,2026-02-19
31655,0032C00277000000,32C277,2022-06-16,MG-22-000449,Pittsburgh,16,Sheriff Return,60187.39,U.S. Bank National Association,
37360,0012S00221000000,12S221,2024-07-02,GD-24-007179,Pittsburgh,16,"",659173.38,U.S. Bank Trust N.A.,2025-05-22
30244,0013C00295000000,13C00295,2020-02-10,MG-20-000162,Pittsburgh,16,Complaint,79939.87,Quicken Loans Inc.,
37922,0012F00254000000,0012F00254 000000,2023-08-07,GD-23-009492,Pittsburgh,16,"",210189.68,Estate of Gunvor Alice Skogsholm,2024-11-14
34028,0013L00148000000,13L148,2023-01-03,MG-23-000003,Pittsburgh,16,"",52591.58,PNC Bank National Association,2024-02-16
35231,0032E00010000000,32E10,2020-01-28,GD-20-001475,Pittsburgh,16,"",17753.44,Wilmington Savings Fund Society FSB,2023-08-17
38986,0012F00254000000,0012F00254,2023-08-07,GD-23-009492,Pittsburgh,16,"",210189.68,Estate of Gunvor Alice Skogsholm,2025-06-19
30814,0013S00187000000,013S187,2021-05-04,MG-21-000089,Pittsburgh,16,Complaint,16082.01,U.S. Bank National Association,
37208,0012L00015000000,12L15,2024-06-11,GD-24-006461,Pittsburgh,16,"",1160948.15,MMG Investments IV LLC,2026-01-08
36687,0013H00021000000,13H21,2024-03-12,MG-24-000182,Pittsburgh,16,"",100482.73,HSBC Bank USA N.A.,2024-08-09
39331,0029N00056000000,29N56,2025-07-17,MG-25-000592,Pittsburgh,16,"",178627.39,U.S. Bank Trust National Association,2025-11-11
37129,0013R00286000000,13R286,2024-05-16,GD-24-005589,Pittsburgh,16,"",34580.14,Wells Fargo Bank N.A.,2026-02-25
36753,0049P00230000000,49P230,2024-03-22,GD-24-003402,Pittsburgh,16,"",302644.44,EF Mortgage LLC,2024-04-22
37211,0012L00016000000,12L16,2024-06-11,GD-24-006461,Pittsburgh,16,"",1160948.15,MMG Investments IV LLC,2026-01-08
39946,0013S00046000000,13S46 0000,2025-11-07,MG-25-000964,Pittsburgh,16,"",0,Deutsche Bank National Trust Company,2025-12-16
35450,0013N00083000000,13N83,2023-07-28,MG-23-000689,Pittsburgh,16,"",117271.45,U.S. Bank Trust National Association,2025-08-29
37723,0013N00148000000,13N148,2024-09-24,GD-24-010557,Pittsburgh,16,"",16799.41,CSMC 2018-SP3 Trust,2026-02-18
38430,0013R00083000000,13R83,2025-01-27,MG-25-000062,Pittsburgh,16,"",186100,Innovative Real Estate LLC,2025-12-30
40407,0013H00021000000,13H21,2026-02-20,MG-26-000148,Pittsburgh,16,"",112901.97,HSBC Bank USA N.A.,2026-02-23
33233,0013S00187000000,13S187,2021-05-04,MG-21-000089,Pittsburgh,16,"",16082.01,U.S. Bank National Association,2022-11-01
30273,0013G00259000000,13G259,2020-02-13,MG-20-000191,Pittsburgh,16,Complaint,77414.13,Lending Home Funding Corporation,
31782,0031A00132000000,31A132,2022-08-30,GD-22-010870,Pittsburgh,16,Complaint,0,First National Bank of  Pennsylvania,
39838,0013C00372000000,13C372,2025-10-03,MG-25-000873,Pittsburgh,16,"",187044.37,PennyMac Loan Services LLC,2025-12-02
32033,0032C00277000000,32C277,2022-06-16,MG-22-000449,Pittsburgh,16,"",60187.39,U.S. Bank National Association,2023-01-17
39360,0012F00254000000,12F254,2023-08-07,GD-23-009492,Pittsburgh,16,"",210189.68,Estate of Gunvor Alice Skogsholm,2025-07-23
39046,0012S00118000F00,12S118 000F00,2025-05-19,MG-25-000401,Pittsburgh,16,"",742596.46,U.S. Bank Trust National Association,2026-02-19
39442,0030A00246000000,30A246,2025-06-30,MG-25-000531,Pittsburgh,16,"",298973.87,Elizon Master Participation Trust I U.S. Bank Trust National,2026-01-28
40351,0013D00087000000,13D87,2026-02-09,MG-26-000112,Pittsburgh,16,"",255360.95,Select Portfolio Servicing Inc.,2026-02-11
37868,0013P00191000000,13P191,2024-10-23,GD-24-011885,Pittsburgh,16,"",154834.05,U.S. Bank Trust Company National Association,2026-02-06
33146,0030J00068000000,0030J00068,2020-02-18,GD-20-002685,Pittsburgh,16,"",15499.62,US Bank Trust National Association,2022-11-01
36582,0032A00147000000,32A147,2024-02-20,GD-24-001909,Pittsburgh,16,"",0,Wilmington Savings Fund Society FSB,2025-03-27
40237,0013J00127000000,13J127,2026-01-12,MG-26-000022,Pittsburgh,16,"",51078.83,U.S. Bank Trust National Association,2026-02-12
32370,0031A00132000000,31A132,2022-08-30,GD-22-010870,Pittsburgh,16,"",0,First National Bank of  Pennsylvania,2023-04-12
39040,0012S00118000D00,12S118 000D00,2025-05-19,MG-25-000401,Pittsburgh,16,"",742596.46,U.S. Bank Trust National Association,2026-02-19
30202,0030J00068000000,0030J00068,2020-02-18,GD-20-002685,Pittsburgh,16,Complaint,15499.62,Nationstar Mortgage LLC,
30858,0013D00309000000,13D309,2021-07-09,GD-21-007837,Pittsburgh,16,Complaint,69988.52,Huntington National Bank,
33566,0013P00023000000,13P23,2022-11-11,MG-22-000888,Pittsburgh,16,"",23414.28,Star 212 LLC,2025-08-25
31693,0013M00222000000,13M222 000000,2022-07-07,GD-22-008562,Pittsburgh,16,Sheriff Return,36905.42,Bank of New York Mellon,
36296,0032A00337000000,32A337,2023-12-13,MG-23-001119,Pittsburgh,16,"",0,Rocket Mortgage LLC,2026-02-24
30666,0012G00114000A00,12G114 A,2021-01-22,GD-21-000717,Pittsburgh,16,Complaint,47250,Wagner Linda,
37209,0012L00017000000,12L17,2024-06-11,GD-24-006461,Pittsburgh,16,"",1160948.15,MMG Investments IV LLC,2026-01-08
37578,0003H00321000000,3H321,2024-08-23,GD-24-009400,Pittsburgh,17,"",312326.96,GS Mortgage-Backed Securities Trust 2020-RPL2,2026-02-25
32085,0014D00009000000,0014D9,2020-03-03,MG-20-000264,Pittsburgh,17,"",76750.29,Freedom Mortgage Corporation,2022-09-13
38736,0003F00068000000,3F68,2025-03-03,GD-25-002289,Pittsburgh,17,"",0,Tryon Street Acquisition Trust I,2026-02-24
35221,0012J00251000000,12J251,2023-05-03,MG-23-000432,Pittsburgh,17,"",476372.8,Matrix Financial Services Corporation,2025-05-23
39036,0012N00267000000,12N267,2025-05-19,MG-25-000398,Pittsburgh,17,"",181081.25,PennyMac Loan Services LLC,2025-10-27
30582,0014D00118000000,14D118,2020-10-29,MG-20-000410,Pittsburgh,17,Complaint,52823.44,Athene Annuity & Life Company,
34504,0013A00082000000,13A82,2023-02-09,MG-23-000129,Pittsburgh,17,"",0,Federal Home Loan Mortgage Corporation,2025-01-15
40296,0012N00102000000,12N102,2026-01-26,MG-26-000057,Pittsburgh,17,"",288360.25,Federal Home Loan Mortgage Corporation,2026-02-26
39308,0003M00028000000,3M28,2025-07-14,MG-25-000570,Pittsburgh,17,"",128043.81,Midfirst Bank,2026-02-11
33607,0114G00122000000,114G122,2022-11-16,MG-22-000900,Pittsburgh,17,"",0,Wesbanco Bank Inc.,2026-02-26
38041,0003M00298000000,3M298,2024-11-12,MG-24-000847,Pittsburgh,17,"",208859.11,Nations Lending Corporation,2025-12-02
37875,0012N00069000000,12N69,2024-10-24,GD-24-011959,Pittsburgh,17,"",940871.31,Wilmington Savings Fund Society FSB,2026-02-19
31081,0012N00219000000,12N219,2021-12-17,GD-21-015106,Pittsburgh,17,Complaint,121182.2,LHome Mortgage Trust 2020-RTL2,
37998,0004D00068000000,4D68,2024-11-04,GD-24-012565,Pittsburgh,17,"",0,Wilmington Trust National Association,2025-06-04
32447,0014H00109000000,14H109,2022-09-26,MG-22-000729,Pittsburgh,17,"",12515.68,Newrez LLC,2024-02-20
38735,0003F00069000000,3F69,2025-03-03,GD-25-002289,Pittsburgh,17,"",0,Tryon Street Acquisition Trust I,2026-02-24
30362,0014D00009000000,0014D9,2020-03-03,MG-20-000264,Pittsburgh,17,Complaint,76750.29,Freedom Mortgage Corporation,
36703,0003G00129000000,3G129,2024-03-15,MG-24-000192,Pittsburgh,17,"",243774.55,Wells Fargo Bank,2025-12-24
36830,0012F00050000000,12F50,2024-04-02,MG-24-000244,Pittsburgh,17,"",184881.89,Keybank N.A.,2025-12-10
30132,0012J00053000000,012J053,2020-01-23,MG-20-000077,Pittsburgh,17,Complaint,0,Aspen Properties Group LLC,
39636,0003M00263000000,3M263,2025-09-03,MG-25-000763,Pittsburgh,17,"",201234.44,Dollar Bank Federal Savings Bank,2026-02-24
39947,0012N00180B2B300,12N180 B2B3,2025-11-10,MG-25-000965,Pittsburgh,17,"",89922.62,Dollar Bank Federal Savings Bank,2026-02-26
36909,0003M00263000000,3M263,2024-04-04,GD-24-003840,Pittsburgh,17,"",201919.07,Dollar Bank Federal Savings Bank,2025-04-17
39284,0012P00071000800,12P71 8,2025-07-08,GD-25-007337,Pittsburgh,17,"",616256.88,Carrington Mortgage Services LLC,2025-08-11
38965,0014D00231000000,14D231,2025-04-30,GD-25-004701,Pittsburgh,17,"",239335.34,Pacific Asset Holdings LLC,2025-05-16
32410,0014D00050000000,0014D00050,2021-09-27,GD-21-011807,Pittsburgh,17,"",0,Wells Fargo USA Holdings Inc.,2022-11-28
39810,0012K00260000000,12K260,2025-10-17,MG-25-000904,Pittsburgh,17,"",0,Crosscountry Mortgage LLC,2026-02-24
33608,0014H00109000000,14H109,2022-11-16,MG-22-000899,Pittsburgh,17,"",0,Wesbanco Bank Inc.,2024-02-16
36113,0003M00119030300,3M119 303,2023-11-06,MG-23-001011,Pittsburgh,17,"",229632.12,Dollar Bank Federal Savings Bank,2026-02-25
39168,0014M00069000000,14M69,2025-06-12,MG-25-000481,Pittsburgh,17,"",0,Bank of America N.A.,2025-11-04
30941,0014D00050000000,0014D00050 000000,2021-09-27,GD-21-011807,Pittsburgh,17,Complaint,0,Wells Fargo USA Holdings Inc.,
37143,0012J00136000000,12J136,2024-05-30,GD-24-005961,Pittsburgh,17,"",230724.07,LHome Mortgage Trust 2021-RTL2,2024-07-25
37575,0012J00212000000,12J212,2024-08-22,MG-24-000640,Pittsburgh,17,"",361748.1,Truist Bank,2026-02-26
39218,0012K00082000000,12K82,2025-06-24,MG-25-000507,Pittsburgh,17,"",325217.9,Lakeview Loan Servicing LLC,2025-07-25
38077,0049G00287000000,49G287,2024-11-20,GD-24-013424,Pittsburgh,17,"",0,Saluda Grade Alternative Mortgage Trust 2021-RTL1,2025-10-01
37618,0012J00136000000,12J136,2024-05-30,GD-24-005961,Pittsburgh,17,"",230724.07,Kiavi Funding Inc.,2025-05-23
38415,0013A00027000000,13A27,2025-01-24,GD-25-000683,Pittsburgh,17,"",0,Lakeview Loan Servicing LLC,2026-02-18
38953,0012N00073000000,12N73,2025-04-11,GD-25-004011,Pittsburgh,17,"",0,Brentwood Bank,2025-04-30
35808,0012P00715000000,12P715,2023-09-25,MG-23-000882,Pittsburgh,17,"",0,FV-I Inc.,2023-10-24
38214,0003F00040000A00,3F40 000A00,2024-12-16,MG-24-000953,Pittsburgh,17,"",25852.74,Select Portfolio Servicing Inc,2025-12-18
37369,0014D00009000000,14D9,2024-07-09,MG-24-000529,Pittsburgh,17,"",79361.86,Freedom Mortgage Corporation,2025-09-09
36539,0004S00118000000,4S118,2024-02-09,MG-24-000097,Pittsburgh,18,"",37699.73,J.P. Morgan Mortgage Acquistion Corp.,2024-04-30
39855,0003P00192000000,3P192,2025-10-27,MG-25-000929,Pittsburgh,18,"",0,Nationstar Mortgage LLC,2025-11-27
36723,0035C00044000000,35C44,2024-03-20,MG-24-000203,Pittsburgh,18,"",234975.77,Lakeview Loan Servicing LLC,2025-05-22
33141,0033N00154000000,33N154,2022-07-22,MG-22-000532,Pittsburgh,18,"",84729.05,Pennymac Loan Services LLC,2024-12-09
39914,0003N00049000000,3N49,2025-10-30,MG-25-000943,Pittsburgh,18,"",0,Nationstar Mortgage LLC,2026-02-26
39288,0034H00265000000,34H265,2025-07-10,MG-25-000561,Pittsburgh,18,"",109955.73,PennyMac Loan Services LLC,2026-02-03
39249,0034S00320000000,34S320,2025-06-27,GD-25-007116,Pittsburgh,18,"",0,Citizens Bank N.A.,2026-01-27
38384,0015K00046000000,15K46,2025-01-16,GD-25-000480,Pittsburgh,18,"",0,First National Bank of Pennsylvania,2025-03-11
38523,0014E00051000000,14E51,2023-08-17,MG-23-000759,Pittsburgh,18,"",0,U.S. Bank Trust National Association,2026-02-05
35218,0015M00122000000,15M122,2023-05-03,MG-23-000425,Pittsburgh,18,"",34175.02,Mortgage Assets Management LLC,2023-11-29
32584,0015M00306000000,15M306,2021-11-04,MG-21-000208,Pittsburgh,18,"",0,MEB Loan Trust II,2025-04-23
34326,0014E00264000000,14E264,2021-07-30,GD-21-008869,Pittsburgh,18,"",55153.23,Community Loan Servicing LLC,2024-06-28
40382,0014E00220000000,14E220,2026-02-16,MG-26-000131,Pittsburgh,18,"",171966.35,Golden Road Investment Trust 2A,2026-02-18
39740,0004S00122000000,4S122,2025-09-29,MG-25-000855,Pittsburgh,18,"",40050.85,U.S. Bank Trust National Association,2026-02-20
31032,0015M00306000000,15M306,2021-11-04,MG-21-000208,Pittsburgh,18,Complaint,0,U.S. Bank National Association,
35842,0015D00204000000,15D204,2023-09-20,MG-23-000869,Pittsburgh,18,"",0,Citizens Bank N.A.,2023-10-23
35487,0014E00051000000,14E51,2023-08-17,MG-23-000759,Pittsburgh,18,"",0,HMC Assets LLC,2025-01-21
31376,0033J00031000000,33J31 000000,2022-03-22,MG-22-000193,Pittsburgh,18,Complaint,,Huntington National Bank,
40031,0033N00069000000,33N69,2025-11-26,MG-25-001007,Pittsburgh,18,"",97599.6,Dollar Bank Federal Savings Bank,2026-02-20
31747,0033N00154000000,33N154,2022-07-22,MG-22-000532,Pittsburgh,18,Confidential Information Form,84729.05,Pennymac Loan Services LLC,
37097,0004M00192000000,4M192,2024-05-23,MG-24-000402,Pittsburgh,18,"",96255.11,Carrington Mortgage Services LLC,2026-02-10
34851,0033J00031000000,33J31,2022-03-22,MG-22-000193,Pittsburgh,18,"",,Huntington National Bank,2023-03-29
34541,0015G00259000000,15G259,2020-02-06,MG-20-000145,Pittsburgh,18,"",0,PNC Bank National Association,2023-02-22
31639,0015K00205000000,15K205,2022-06-14,MG-22-000433,Pittsburgh,18,Complaint,10582.36,NDF 1 LLC,
39273,0004S00118000000,4S118,2025-06-30,MG-25-000535,Pittsburgh,18,"",0,JPMorgan Chase Bank National Association,2025-09-15
37389,0014E00264000000,14E264,2021-07-30,GD-21-008869,Pittsburgh,18,"",55153.23,DLJ Mortgage Capital Inc.,2025-11-04
33618,0014E00264000000,0014E00264,2021-07-30,GD-21-008869,Pittsburgh,18,"",55153.23,Community Loan Servicing LLC,2022-12-19
38220,0004S00176000000,4S176,2024-12-18,MG-24-000964,Pittsburgh,18,"",55308.57,Dyck-O'Neal Inc.,2025-05-20
34404,0033N00100000000,33N100,2023-02-03,GD-23-001729,Pittsburgh,18,"",0,Midfirst Bank,2023-03-21
34943,0015K00205000000,15K205,2022-06-14,MG-22-000433,Pittsburgh,18,"",10582.36,NDF 1 LLC,2023-05-02
32523,0014K00032000000,14K32 0000,2022-08-04,MG-22-000569,Pittsburgh,18,"",26424.51,Wilmington Savings Fund Society FSB,2022-11-17
32484,0015F00216000000,15F216,2022-01-18,GD-22-000650,Pittsburgh,18,"",,Babylon Capital LLC,2022-11-01
30695,0014G00002000000,014G002,2021-02-09,GD-21-001119,Pittsburgh,18,Complaint,224516.2,CL45 MW Loan 1 LLC,
33580,0033J00031000000,33J31 000000,2022-03-22,MG-22-000193,Pittsburgh,18,"",,Huntington National Bank,2022-12-20
31579,0034M00026000000,34M26 000000,2022-05-20,MG-22-000387,Pittsburgh,18,Complaint,,Wells Fargo Bank N.A.,
31146,0015F00216000000,15F216,2022-01-18,GD-22-000650,Pittsburgh,18,Sheriff Return,,Babylon Capital LLC,
33229,0014G00002000000,14G2,2021-02-09,GD-21-001119,Pittsburgh,18,"",224516.2,CL45 MW Loan 1 LLC,2022-11-01
35850,0014C00025000000,14C25,2023-09-08,GD-23-010514,Pittsburgh,18,"",24665.49,Federal Home Loan Mortgage Corporation,2024-05-10
37694,0004S00176000000,4S176,2024-09-18,MG-24-000700,Pittsburgh,18,"",55618.57,Dyck-O`Neal Inc.,2024-11-11
38680,0003R00175000000,3R175,2025-03-17,MG-25-000218,Pittsburgh,18,"",0,Citizens Bank N.A.,2026-02-26
37526,0003N00144000000,3N144,2024-08-05,MG-24-000595,Pittsburgh,18,"",0,Citizens Bank N.A.,2024-10-17
31797,0014K00032000000,14K32 0000,2022-08-04,MG-22-000569,Pittsburgh,18,Complaint,26424.51,Wilmington Savings Fund Society FSB,
39905,0003N00050000000,3N50,2025-10-30,MG-25-000943,Pittsburgh,18,"",0,Nationstar Mortgage LLC,2026-02-26
36305,0014J00265000000,14J265,2023-12-14,MG-23-001132,Pittsburgh,18,"",35303.07,Newrez LLC,2024-12-11
40078,0003R00171000000,3R171,2025-12-10,GD-25-013247,Pittsburgh,18,"",253248.19,JPMorgan Chase Bank National Association,2026-01-11
34838,0014K00032000000,14K32,2022-08-04,MG-22-000569,Pittsburgh,18,"",26424.51,Wilmington Savings Fund Society FSB,2026-02-26
37755,0015H00003000000,15H3,2024-09-26,MG-24-000717,Pittsburgh,18,"",33496.94,Mclp Asset Company Inc.,2025-02-10
35914,0004R00235000000,4R235,2023-10-11,MG-23-000942,Pittsburgh,18,"",41740.15,U.S. Bank Trust Company National Association,2025-09-17
40131,0033N00061000000,33N61,2025-12-12,GD-25-013341,Pittsburgh,18,"",70050.97,First Commonwealth Bank,2026-02-18
30227,0015G00259000000,0015G00259 000000,2020-02-06,MG-20-000145,Pittsburgh,18,Complaint,0,PNC Bank National Association,
30664,0033J00180000000,0033J00180 000000,2021-01-20,GD-21-000576,Pittsburgh,18,Complaint,10816.65,Onyx & Shadow Equities LLC,
33446,0034M00026000000,34M26 000000,2022-05-20,MG-22-000387,Pittsburgh,18,"",,Wells Fargo Bank N.A.,2022-11-07
34709,0003J00149000000,3J149,2023-02-28,MG-23-000192,Pittsburgh,18,"",65816.71,U.S. Bank National Association,2024-06-11
36319,0014A00107000000,14A107,2023-07-20,MG-23-000668,Pittsburgh,18,"",97022.95,Wilmington Savings Fund Society FSB,2024-10-08
32777,0015G00259000000,0015G00259,2020-02-06,MG-20-000145,Pittsburgh,18,"",0,PNC Bank National Association,2022-10-11
38223,0014B00178000000,14B178,2024-12-18,MG-24-000959,Pittsburgh,18,"",19737.64,Rocket Mortgage LLC,2025-01-17
30873,0014E00264000000,0014E00264 000000,2021-07-30,GD-21-008869,Pittsburgh,18,Complaint,55153.23,Community Loan Servicing LLC,
39936,0034K00282000000,34K282,2025-11-06,MG-25-000962,Pittsburgh,19,"",0,Amerihome Mortgage Company LLC,2025-11-06
33381,0035P00329000000,35P329 000000,2022-05-24,MG-22-000393,Pittsburgh,19,"",15692,PNC Bank National Association,2022-11-01
36344,0061A00207000000,61A207,2023-12-20,MG-23-001146,Pittsburgh,19,"",0,NewRez LLC,2024-05-01
36598,0062B00037000000,62B37,2024-02-22,GD-24-001963,Pittsburgh,19,"",604191.15,U.S. Bank Trust National Association,2024-09-06
36696,0004J00186000000,4J186,2024-03-14,MG-24-000190,Pittsburgh,19,"",128600.27,Wells Fargo Bank N.A.,2025-01-07
36727,0035L00113000000,35L113,2024-03-21,GD-24-003369,Pittsburgh,19,"",1238448.04,U.S. Bank Trust National Association,2024-09-06
32425,0096E00248000000,96E248,2021-11-24,GD-21-014328,Pittsburgh,19,"",,PNC Bank National Association,2023-01-13
38284,0097G00064000000,97G64,2024-12-06,GD-24-014439,Pittsburgh,19,"",267366.91,EF Mortgage LLC,2026-02-09
33073,0006E00264000000,6E264,2022-03-28,MG-22-000229,Pittsburgh,19,"",,Wilmington Savings Fund Society FSB,2022-11-04
33810,0004R00217000000,0004R00217,2021-05-04,GD-21-004737,Pittsburgh,19,"",936785.73,Bellissimo Deeann J.,2022-12-06
37993,0001R00015000000,1R15,2024-11-04,GD-24-012565,Pittsburgh,19,"",0,Wilmington Trust National Association,2025-06-04
33883,0096E00270000000,96E270,2022-12-16,MG-22-001013,Pittsburgh,19,"",103868.87,Wilmington Savings Fund Society FSB,2023-03-29
37583,0004P00322000000,4P322,2024-08-07,MG-24-000604,Pittsburgh,19,"",79454.63,Fifth Third Bank National Association,2025-02-11
35200,0034K00282000000,34K282,2023-05-10,MG-23-000452,Pittsburgh,19,"",151274.32,First National Bank of Pennsylvania,2024-02-27
35084,0006S00267000000,6S267,2022-06-21,MG-22-000461,Pittsburgh,19,"",31891.8,Deutsche Bank National Trust Company,2025-05-01
36164,0097D00277000000,97D277,2023-11-17,MG-23-001040,Pittsburgh,19,"",58345.59,MCLP Asset Company Inc.,2024-08-22
33076,0035L00045000000,0035L45,2020-02-17,MG-20-000205,Pittsburgh,19,"",59894.01,UMB Bank National Association,2023-02-22
39102,0096E00270000000,96E270 0000,2025-05-27,MG-25-000422,Pittsburgh,19,"",109227.47,Wilmington Savings Fund Society FSB,2025-06-27
37816,0004F00039000000,4F39,2024-10-11,MG-24-000769,Pittsburgh,19,"",126371.07,Midfirst Bank,2025-12-08
34142,0097G00221000000,97G221,2023-01-05,MG-23-000008,Pittsburgh,19,"",93578.83,M&T Bank,2023-02-16
34518,0097H00186000000,97H186,2022-07-22,MG-22-000534,Pittsburgh,19,"",58819.1,BankUnited N.A.,2023-03-31
37165,0096A00058000000,96A58 0000,2024-05-09,MG-24-000359,Pittsburgh,19,"",0,Deutsche Bank National Trust Company,2024-06-05
35452,0035R00228000000,35R228,2023-08-15,MG-23-000744,Pittsburgh,19,"",197821.93,Movement Mortgage LLC,2024-08-11
37029,0035L00156000000,35L156,2024-05-01,GD-24-005021,Pittsburgh,19,"",604191.15,U.S. Bank Trust National Association,2024-09-06
30285,0035L00045000000,0035L45,2020-02-17,MG-20-000205,Pittsburgh,19,Complaint,59894.01,Wells Fargo Bank N.A.,
36700,0004J00185000000,4J185,2024-03-14,MG-24-000190,Pittsburgh,19,"",128600.27,Wells Fargo Bank N.A.,2025-01-07
37063,0097M00297000000,97M297,2024-05-16,MG-24-000376,Pittsburgh,19,"",64000,Krugh Mary Cheryl,2025-12-11
37395,0006S00205000000,6S205,2024-07-15,GD-24-007713,Pittsburgh,19,"",44456.75,Federal Home Loan Mortgage Corporation,2025-09-09
36203,0062B00125000000,62B125,2023-11-27,MG-23-001069,Pittsburgh,19,"",0,PNC Bank NA,2024-02-07
31570,0096K00118000000,96K118,2022-05-17,MG-22-000377,Pittsburgh,19,Complaint,33810.47,Dollar Bank FSB,
37228,0005D00087000000,5D87,2024-06-03,MG-24-000419,Pittsburgh,19,"",91083.43,U.S. Bank National Association,2025-11-19
37898,0096A00183000000,96A183,2024-10-25,MG-24-000800,Pittsburgh,19,"",0,Midfirst Bank,2024-11-20
38086,0015B00238000000,15B238 00000,2024-02-14,GD-24-001723,Pittsburgh,19,"",203449.47,IBI SBL Investment LP,2025-01-09
31585,0035P00329000000,35P329 000000,2022-05-24,MG-22-000393,Pittsburgh,19,Complaint,15692,PNC Bank National Association,
39002,0061J00034000000,61J34,2025-05-08,MG-25-000375,Pittsburgh,19,"",193759.44,Nationstar Mortgage LLC,2025-06-02
36560,0035G00079000000,35G79,2024-02-14,GD-24-001774,Pittsburgh,19,"",0,U.S. Bank Trust National Association,2024-10-04
33082,0062D00220000000,62D220,2022-10-27,MG-22-000825,Pittsburgh,19,"",13139.26,Parkview Community Federal Credit Union,2025-07-03
37990,0004C00177000000,4C177,2024-11-04,GD-24-012565,Pittsburgh,19,"",0,Wilmington Trust National Association,2025-06-04
39699,0016P00161000000,16P161,2025-09-24,MG-25-000836,Pittsburgh,19,"",0,Pennsylvania Housing Finance Agency,2026-02-11
36185,0006L00183000000,6L183,2023-11-21,GD-23-013339,Pittsburgh,19,"",0,Keybank National Association,2024-04-18
31636,0035F00191000000,35F191 000000,2022-06-10,MG-22-000430,Pittsburgh,19,Complaint,0,Pennsylvania Equity Resources Inc.,
36734,0035S00013000000,35S13,2024-03-21,GD-24-003380,Pittsburgh,19,"",44578.48,Allegent Community Federal Credit Union,2024-06-07
30736,0016K00112000000,016K112,2021-03-16,GD-21-002402,Pittsburgh,19,Complaint,97426.68,U.S. Bank National Association,
36488,0015F00122000A00,15F122 A,2024-01-17,GD-24-000626,Pittsburgh,19,"",26625.05,FTF Lending LLC,2024-06-12
40448,0062F00124000000,62F124,2026-01-29,MG-26-000074,Pittsburgh,19,"",0,U.S. Bank N.A.,2026-02-26
39333,0096E00270000000,96E270,2025-05-27,MG-25-000422,Pittsburgh,19,"",109227.47,Wilmington Savings Fund Society FSB,2025-10-20
39871,0015B00238000000,15B238,2024-02-14,GD-24-001723,Pittsburgh,19,"",203449.47,U.S. Bank Trust National Association,2026-02-25
39961,0096E00270000000,96E270,2025-05-27,MG-25-000422,Pittsburgh,19,"",109227.47,U.S. Bank Trust National Association,2026-02-25
40430,0015A00216000000,15A216,2026-02-05,MG-26-000097,Pittsburgh,19,"",0,New American Funding LLC,2026-02-25
31412,0006E00264000000,6E264,2022-03-28,MG-22-000229,Pittsburgh,19,Complaint,,Wilmington Savings Fund Society FSB,
39799,0061J00034000000,61J34,2025-10-15,MG-25-000896,Pittsburgh,19,"",189968.71,Nationstar Mortgage LLC,2025-11-12
31749,0097H00186000000,97H186,2022-07-22,MG-22-000534,Pittsburgh,19,Sheriff Return,58819.1,BankUnited N.A.,
31750,0097G00007000000,97G7,2022-07-22,MG-22-000535,Pittsburgh,19,Sheriff Return,20504.99,PNC Bank National Association,
33025,0034F00414000000,34F414,2022-10-10,MG-22-000776,Pittsburgh,19,"",92194.92,U.S. Bank National Association,2023-02-03
34468,0016R00034000000,16R34,2021-08-06,MG-21-000132,Pittsburgh,19,"",0,Wesbanco Bank Inc.,2023-02-14
39094,0035S00034000000,35S34,2025-05-28,MG-25-000433,Pittsburgh,19,"",68951.56,Deutsche Bank National Trust Company,2026-02-26
38554,0094S00112000000,94S112,2025-02-20,MG-25-000132,Pittsburgh,19,"",91403.3,PNC Bank National Association,2026-02-19
37852,0062M00075000000,62M75 0000,2024-10-18,GD-24-011674,Pittsburgh,19,"",41616.42,PHH Mortgage Corporation,2025-01-15
36200,0016P00064000000,16P64,2023-11-27,MG-23-001068,Pittsburgh,19,"",0,Wells Fargo Bank N.A.,2024-03-27
36561,0035C00254000000,35C254,2024-02-14,GD-24-001768,Pittsburgh,19,"",0,U.S. Bank Trust National Association,2024-10-04
36485,0015B00041000000,15B41,2024-01-29,GD-24-001114,Pittsburgh,19,"",0,Keybank NA,2024-08-13
37644,0035F00191000000,35F191,2024-08-30,MG-24-000663,Pittsburgh,19,"",0,Pennsylvania Equity Resources Inc.,2025-11-19
31324,0097F00058000000,97F58 000000,2022-03-02,MG-22-000142,Pittsburgh,19,Settled and Discontinued,,Midfirst Bank,
31827,0035B00203000000,35B203,2022-08-17,MG-22-000600,Pittsburgh,19,Complaint,0,Pennsylvania Housing Finance Agency,
31299,0062A00217000000,62A217,2022-03-22,GD-22-003061,Pittsburgh,19,Complaint,0,Wilmington Savings Fund Society FSB,
31298,0035D00104000000,35D104,2022-03-17,GD-22-002942,Pittsburgh,19,Complaint,,Freedom Mortgage Corporation,
35846,0096A00058000000,96A58,2023-09-28,GD-23-011379,Pittsburgh,19,"",0,Deutsche Bank National Trust Company,2023-11-02
38013,0004P00124000000,4P124,2024-11-01,GD-24-012432,Pittsburgh,19,"",0,West-Aircomm FCU,2026-02-05
31257,0035C00166000000,35C166 000000,2022-02-15,MG-22-000089,Pittsburgh,19,Sheriff Return,,Towd Point Master Funding Trust 2021-PM1,
36743,0035B00188000000,35B188,2024-03-21,GD-24-003373,Pittsburgh,19,"",0,U.S. Bank Trust National Association,2024-09-06
37742,0016S00088000000,16S88,2024-09-26,GD-24-010623,Pittsburgh,19,"",158110.21,LLACG Community Investment Fund,2026-02-25
35225,0062H00155000000,62H155,2023-05-08,MG-23-000440,Pittsburgh,19,"",47785.83,MCLP Asset Company Inc.,2023-12-29
30041,0061E00182000000,0061E00182 000000,2020-01-16,GD-20-000871,Pittsburgh,19,Settled and Discontinued,0,PNC Bank National Association,
33811,0004R00217000000,0004R00217,2021-05-04,GD-21-004737,Pittsburgh,19,"",936785.73,Bellissimo Joseph S.,2022-12-06
39876,0035D00046000000,35D46,2025-10-17,MG-25-000901,Pittsburgh,19,"",0,Nationstar Mortgage LLC,2026-02-25
36874,0035L00066000000,35L66,2024-04-16,GD-24-004341,Pittsburgh,19,"",0,U.S. Bank Trust National Association,2024-09-06
38236,0061E00050000000,61E50 000000,2024-12-20,GD-24-014913,Pittsburgh,19,"",186797.52,Yannone Anthony D.,2025-01-16
31936,0004F00094000000,4F94,2021-08-30,GD-21-010272,Pittsburgh,19,"",0,Coal Hill Developers Inc.,2022-11-01
34237,0097G00044000000,97G44,2023-01-24,MG-23-000070,Pittsburgh,19,"",221749.34,Planet Home Lending LLC,2024-01-02
36884,0035L00015000000,35L15,2024-04-17,GD-24-004394,Pittsburgh,19,"",0,U.S. Bank Trust National Association,2024-09-06
36726,0035K00178000000,35K178,2024-03-21,GD-24-003367,Pittsburgh,19,"",0,U.S. Bank Trust National Association,2024-09-06
31981,0035F00191000000,35F191 000000,2022-06-10,MG-22-000430,Pittsburgh,19,"",0,Pennsylvania Equity Resources Inc.,2022-09-07
33286,0035G00305000000,35G305,2021-01-06,MG-21-000003,Pittsburgh,19,"",48923.99,Wilmington Savings Fund Society,2023-03-15
36882,0035L00018000000,35L18,2024-04-17,GD-24-004393,Pittsburgh,19,"",0,U.S. Bank Trust National Association,2024-09-06
30280,0035L00045000000,0035L45,2020-02-14,MG-20-000200,Pittsburgh,19,Complaint,59894.01,Wells Fargo Bank N.A.,
31104,0062D00233000000,62D233,2021-12-16,MG-21-000263,Pittsburgh,19,Complaint,51698.15,Secretary of Veterans Affairs an Officer of the United State,
35344,"",62P282 1,2023-04-14,GD-23-004979,Pittsburgh,19,"",1765515.42,1st Summit Bank,2023-05-02
37496,0035C00166000000,35C166,2024-07-02,MG-24-000518,Pittsburgh,19,"",73840.26,Carrington Mortgage Services LLC,2025-12-16
33828,0096A00058000000,96A58 0000,2022-12-09,MG-22-000983,Pittsburgh,19,"",67592.39,Deutsche Bank National Trust Company,2022-12-09
35579,0004A00124000000,4A124,2023-08-03,MG-23-000714,Pittsburgh,19,"",77556.42,Dollar Bank FSB,2024-03-08
36404,0006M00312A81000,6M312 A81000,2024-01-03,MG-24-000002,Pittsburgh,19,"",347519.6,SSB Bank,2024-02-15
36475,0015F00122000000,15F122,2024-01-17,GD-24-000627,Pittsburgh,19,"",41314.55,FTF Lending LLC,2024-06-12
35280,0006R00371000000,6R371,2023-05-05,MG-23-000439,Pittsburgh,19,"",0,PNC Bank National Association,2026-01-06
31975,0001L00049000000,1L49,2020-10-26,MG-20-000295,Pittsburgh,19,"",144754.32,Community Bank,2023-05-11
39402,0062S00133000000,62S133,2025-07-08,GD-25-007391,Pittsburgh,19,"",0,HSBC Bank USA N.A.,2025-08-07
38117,0006M00312548000,6M312 5480,2024-11-01,MG-24-000819,Pittsburgh,19,"",0,Brentwood Bank,2024-11-26
31068,0004F00039000000,4F39 000000,2021-11-24,MG-21-000242,Pittsburgh,19,Complaint,0,Midfirst Bank,
36474,0015F00123000000,15F123,2024-01-17,GD-24-000625,Pittsburgh,19,"",44788.19,FTF Lending LLC,2024-06-12
32504,0035D00104000000,35D104,2022-03-17,GD-22-002942,Pittsburgh,19,"",,Freedom Mortgage Corporation,2023-05-11
31054,0096A00008000000,96A8,2021-11-17,MG-21-000229,Pittsburgh,19,Complaint,0,U.S. Bank National Association,
32693,0062D00202000000,62D202,2022-10-03,GD-22-012489,Pittsburgh,19,"",100085.26,Wilmington Savings Fund Society FSB,2024-01-08
31034,0035F00201000000,35F201,2021-11-08,MG-21-000210,Pittsburgh,19,Complaint,51792.73,Wilmington Savings Fund Society FSB,
36554,0035N00176000000,35N176,2024-02-14,GD-24-001775,Pittsburgh,19,"",0,U.S. Bank Trust National Association,2024-10-04
32721,0062A00152000000,0062A152,2020-01-02,MG-20-000006,Pittsburgh,19,"",70335.67,LSF9 Master Participation Trust,2023-05-12
31021,0096E00248000000,96E248 000000,2021-11-24,GD-21-014328,Pittsburgh,19,Complaint,,PNC Bank National Association,
40428,0062H00016000000,62H16,2025-08-07,MG-25-000667,Pittsburgh,19,"",0,Nationstar Mortgage LLC,2026-02-25
30977,"",6330 00000,2021-10-29,GD-21-013339,Pittsburgh,19,Complaint,,Pompey Capital LLC,
39579,0016P00281000000,16P281,2025-08-25,MG-25-000735,Pittsburgh,19,"",0,Data Mortgage Inc.,2025-09-16
38491,0015B00238000000,15B238,2024-02-14,GD-24-001723,Pittsburgh,19,"",203449.47,IBI SBL Investment LP,2025-08-29
33184,"","",2022-11-01,MG-22-000849,Pittsburgh,19,"",14609.37,CSMC 2021-JR1 Trust,2024-06-09
36910,0035K00214000000,35K214,2024-04-12,GD-24-004212,Pittsburgh,19,"",1238448.04,U.S. Bank Trust National Association,2024-09-06
40337,0035H00003000000,35H3,2026-02-04,MG-26-000091,Pittsburgh,19,"",98053.74,UMB Bank National Association,2026-02-05
30915,0062D00270000000,0062D00270,2021-08-11,MG-21-000136,Pittsburgh,19,Complaint,124561.8,UMB Bank National Association,
32450,0006S00267000000,6S267 000000,2022-06-21,MG-22-000461,Pittsburgh,19,"",31891.8,Deutsche Bank National Trust Company,2022-11-01
30911,0016R00034000000,16R34,2021-08-06,MG-21-000132,Pittsburgh,19,Motion,0,Wesbanco Bank Inc.,
30905,0004F00094000000,4F94,2021-08-30,GD-21-010272,Pittsburgh,19,Certificate of Location,0,Coal Hill Developers Inc.,
38022,0097H00157000000,97H157,2024-11-01,GD-24-012379,Pittsburgh,19,"",843500.18,Chrome Federal Credit Union,2026-02-20
39379,0004L00007000000,4L7,2025-07-10,MG-25-000562,Pittsburgh,19,"",27292.32,Bank of America N.A.,2026-01-06
36871,0035J00330000000,35J330,2024-04-16,GD-24-004342,Pittsburgh,19,"",0,U.S. Bank Trust National Association,2024-09-06
33036,0062D00233000000,62D233,2021-12-16,MG-21-000263,Pittsburgh,19,"",51698.15,Secretary of Veterans Affairs an Officer of the United State,2024-12-11
36569,0062D00270000000,62D270,2021-08-11,MG-21-000136,Pittsburgh,19,"",124561.8,UMB Bank National Association,2024-02-15
40142,0062F00048000000,62F48,2025-12-12,MG-25-001047,Pittsburgh,19,"",344491.45,U.S. Bank National Association,2026-02-26
39549,0062H00016000000,62H16,2025-08-07,MG-25-000667,Pittsburgh,19,"",0,Wells Fargo Bank N.A.,2025-10-27
36937,0062P00220000000,62P220,2024-04-24,MG-24-000311,Pittsburgh,19,"",0,PNC Bank National Association,2026-01-07
33709,0035N00165000000,35N165,2022-11-28,GD-22-014412,Pittsburgh,19,"",31701.57,Penn Pioneer Enterprises LLC,2024-08-12
34958,0062P00282000000,62P282,2023-04-14,GD-23-004979,Pittsburgh,19,"",1765515.42,1st Summit Bank,2023-12-29
37684,0035G00055000000,35G55,2023-11-07,GD-23-012891,Pittsburgh,19,"",0,U.S. Bank Trust National Association,2025-10-22
32640,0097G00007000000,97G7,2022-07-22,MG-22-000535,Pittsburgh,19,"",20504.99,PNC Bank National Association,2022-09-30
38031,0035F00229000000,35F229,2024-11-01,GD-24-012442,Pittsburgh,19,"",0,West-Aircomm FCU,2026-02-05
37819,0035P00115000000,35P115,2024-09-30,GD-24-010868,Pittsburgh,19,"",0,Wilmington Trust National Association,2024-10-11
39251,0097M00297000000,97M297,2025-06-26,MG-25-000517,Pittsburgh,19,"",33839.91,U.S. Bank Trust Company National Association,2025-07-23
36291,0015A00161000000,15A161,2023-11-30,MG-23-001092,Pittsburgh,19,"",18830.75,Wells Fargo Bank N.A.,2023-12-11
37818,0035K00183000000,35K183,2024-09-30,GD-24-010868,Pittsburgh,19,"",0,Wilmington Trust National Association,2024-10-11
30843,0004A00140000000,4A140,2021-06-07,MG-21-000106,Pittsburgh,19,Complaint,39703.47,Wilmington Savings Fund Society FSB,
37989,0001R00035000000,1R35,2024-11-04,GD-24-012565,Pittsburgh,19,"",0,Wilmington Trust National Association,2025-06-04
39113,0004B00200000000,4B200,2025-05-07,MG-25-000367,Pittsburgh,19,"",274454.24,Freedom Mortgage Corporation,2026-02-24
37817,0035C00187000000,35C187,2024-09-30,GD-24-010868,Pittsburgh,19,"",0,Wilmington Trust National Association,2024-10-11
35039,0062A00217000000,62A217,2022-03-22,GD-22-003061,Pittsburgh,19,"",0,Wilmington Savings Fund Society FSB,2023-04-24
38403,0035D00150000000,35D150,2025-01-23,MG-25-000051,Pittsburgh,19,"",0,Nationstar Mortgage LLC,2025-02-24
40341,0062L00116000000,62L116,2026-02-06,MG-26-000103,Pittsburgh,19,"",178893.69,PennyMac Loan Services LLC,2026-02-06
36551,0035D00088000000,35D88,2024-02-14,GD-24-001767,Pittsburgh,19,"",0,U.S. Bank Trust National Association,2024-10-04
35035,0016P00002000000,16P2,2020-12-11,MG-20-000438,Pittsburgh,19,"",0,Wells Fargo Bank National Association,2023-04-24
33124,0034J00241000000,34J241,2022-08-31,MG-22-000636,Pittsburgh,19,"",0,U.S. Bank Trust National Association,2023-03-30
37267,0004R00154000000,4R154,2024-06-18,MG-24-000454,Pittsburgh,19,"",0,U.S. Bank National Association,2024-08-20
39172,0062D00270000000,62D270,2025-06-12,MG-25-000480,Pittsburgh,19,"",152562.35,U.S. Bank Trust National Association,2025-12-04
34658,0096K00118000000,96K118,2022-05-17,MG-22-000377,Pittsburgh,19,"",33810.47,Dollar Bank FSB,2024-12-02
30800,0004R00217000000,0004R00217,2021-05-04,GD-21-004737,Pittsburgh,19,Acceptance of Service,936785.73,LWBC LLC,
37992,0001R00110000000,1R110,2024-11-04,GD-24-012565,Pittsburgh,19,"",0,Wilmington Trust National Association,2025-06-04
30060,0062A00152000000,0062A152,2020-01-02,MG-20-000006,Pittsburgh,19,Praecipe to Reinstate,70335.67,LSF9 Master Participation Trust,
37030,0062D00270000000,62D270,2024-05-02,MG-24-000336,Pittsburgh,19,"",148439.42,UMB Bank National Association,2024-06-03
39409,0006F00047000000,6F47,2025-07-10,MG-25-000558,Pittsburgh,19,"",76000,Clarion County Community Bank,2025-09-10
32483,0035P00114000000,35P114,2022-09-27,MG-22-000734,Pittsburgh,19,"",0,Citizens Bank N.A.,2023-04-24
37814,0035C00256000000,35C256,2024-09-30,GD-24-010868,Pittsburgh,19,"",0,Wilmington Trust National Association,2024-10-11
35177,0035L00045000000,0035L45,2020-02-14,MG-20-000200,Pittsburgh,19,"",59894.01,Wells Fargo Bank N.A.,2023-05-15
38402,0062M00231000000,62M231,2025-01-03,MG-25-000009,Pittsburgh,19,"",0,Keybank N.A.,2025-04-07
34999,0062M00162000000,62M162 0000,2023-04-11,MG-23-000337,Pittsburgh,19,"",46087.56,Brentwood Bank,2023-09-12
37121,0015B00174000000,15B174,2024-05-09,MG-24-000357,Pittsburgh,19,"",75524.7,Metropolitan Life Insurance Company,2025-04-17
30757,0062D00202000000,62D202,2021-03-12,MG-21-000059,Pittsburgh,19,Complaint,88685.85,Wilmington Savings Fund Society FSB,
30743,0096F00061000000,96F61,2021-03-03,MG-21-000046,Pittsburgh,19,Sheriff Return,163183.48,U.S. Bank Trust National Association,
39580,0035S00288000000,35S288,2025-08-04,MG-25-000654,Pittsburgh,19,"",55880.52,Huntington National Bank,2026-01-07
31667,0006S00267000000,6S267 000000,2022-06-21,MG-22-000461,Pittsburgh,19,Exhibits,31891.8,Deutsche Bank National Trust Company,
38616,0097M00237000000,97M237,2025-02-27,MG-25-000157,Pittsburgh,19,"",89023.13,Dollar Bank Federal Savings Bank,2025-09-15
30711,0062L00023000000,0062L00023 000000,2021-02-02,MG-21-000024,Pittsburgh,19,Complaint,7317.11,Onyx & Shadow Equities LLC,
40420,0097G00221000000,97G221,2026-01-30,MG-26-000078,Pittsburgh,19,"",78284.43,M&T Bank,2026-02-24
30699,0096E00140000000,0096E00140 000000,2021-02-16,GD-21-001298,Pittsburgh,19,Complaint,0,Wells Fargo Bank N.A.,
30698,0035K00187000000,35K187,2021-02-10,GD-21-001189,Pittsburgh,19,Complaint,689308.26,Bridgeway Capital Inc.,
30679,0006R00267000000,6R267,2021-01-21,MG-21-000013,Pittsburgh,19,Complaint,13057.17,Citibank N.A.,
38141,0062A00080000000,62A80,2024-11-27,GD-24-013994,Pittsburgh,19,"",81050.17,Rocket Mortgage LLC,2025-06-12
30669,0035G00305000000,035G305,2021-01-06,MG-21-000003,Pittsburgh,19,Complaint,48923.99,Wilmington Savings Fund Society,
30104,0097G00007000000,097G00007,2020-01-13,MG-20-000049,Pittsburgh,19,Complaint,25524.83,PNC Bank National Association,
30648,0016P00002000000,0016P00002 000000,2020-12-11,MG-20-000438,Pittsburgh,19,Sheriff Return,0,Wells Fargo Bank National Association,
35831,0035G00034000000,35G34,2023-09-11,MG-23-000831,Pittsburgh,19,"",0,Bank of New York Mellon,2023-10-12
37333,0016K00137000000,16K137,2024-06-21,MG-24-000476,Pittsburgh,19,"",165396.98,Citizens Bank N.A.,2026-02-24
37116,0096J00342000000,96J342,2024-05-09,MG-24-000364,Pittsburgh,19,"",83617.37,Truist Bank,2025-05-27
32612,0062K00047000000,62K47,2022-09-29,MG-22-000744,Pittsburgh,19,"",86166.73,Planet Home Lending LLC,2022-10-25
35052,0061A00268000000,61A268,2023-04-25,MG-23-000385,Pittsburgh,19,"",115769.14,Citizens Bank N.A.,2023-05-12
37027,0035L00155000000,35L155,2024-05-01,GD-24-005021,Pittsburgh,19,"",604191.15,U.S. Bank Trust National Association,2024-09-06
34025,0096A00058000000,96A58,2022-12-09,MG-22-000983,Pittsburgh,19,"",67592.39,Deutsche Bank National Trust Company,2023-03-02
34853,0004R00151000000,4R151 000,2023-03-23,MG-23-000282,Pittsburgh,19,"",59720.92,HSBC Bank USA National Association,2025-01-28
40168,0096J00332000000,96J332,2025-12-29,GD-25-014077,Pittsburgh,19,"",92386.85,Dollar Bank Federal Savings Bank,2026-02-23
34351,0096E00062000000,96E62,2023-01-24,MG-23-000062,Pittsburgh,19,"",65971.28,Midfirst Bank,2024-01-22
30600,0062L00314000000,62L314,2020-11-06,MG-20-000419,Pittsburgh,19,Complaint,43276.62,U.S. Bank National Association,
32575,0035B00203000000,35B203,2022-08-17,MG-22-000600,Pittsburgh,19,"",0,Pennsylvania Housing Finance Agency,2023-04-21
35393,0035H00099000000,35H99,2023-08-04,MG-23-000716,Pittsburgh,19,"",234303.74,Pennsylvania Housing Finance Agency,2024-05-21
32906,0062L00314000000,62L314,2020-11-06,MG-20-000419,Pittsburgh,19,"",43276.62,U.S. Bank National Association,2023-09-12
35059,0062P00233000000,62P233,2023-04-25,MG-23-000386,Pittsburgh,19,"",37232.85,Dollar Bank Federal Savings Bank,2023-05-08
38519,0061E00050000000,61E50,2024-12-20,GD-24-014913,Pittsburgh,19,"",186797.52,Yannone Anthony D.,2025-12-23
36878,0062B00048000000,62B48,2024-04-17,GD-24-004362,Pittsburgh,19,"",0,U.S. Bank Trust National Association,2024-09-06
37861,0096P00165000000,96P165,2024-10-22,MG-24-000788,Pittsburgh,19,"",53791.35,Firstkey Master Funding 2021-A Collateral Trust,2025-04-30
30567,0001L00049000000,1L49,2020-10-26,MG-20-000295,Pittsburgh,19,Certificate of Location,144754.32,Community Bank,
40294,0035H00092000000,35H92,2026-01-26,MG-26-000056,Pittsburgh,19,"",61789.36,U.S. Bank Trust Company National Association,2026-02-17
35723,0004J00026000000,4J26,2023-07-20,MG-23-000670,Pittsburgh,19,"",70108.04,MCLP Asset Company Inc.,2024-01-22
37810,0062A00289000000,62A289,2024-09-30,GD-24-010868,Pittsburgh,19,"",0,Wilmington Trust National Association,2024-10-11
36168,0004N00056000000,4N56,2023-11-17,MG-23-001044,Pittsburgh,19,"",0,Keybank N.A.,2023-12-18
35226,0004F00039000000,4F39,2023-05-18,MG-23-000488,Pittsburgh,19,"",0,Midfirst Bank,2024-01-10
33880,0035B00168000000,35B168,2022-12-16,MG-22-001015,Pittsburgh,19,"",163058.07,Rocket Mortgage LLC,2023-08-11
33051,0062B00015000000,62B15,2022-10-26,MG-22-000823,Pittsburgh,19,"",51306.49,BankUnited N.A.,2022-12-15
33170,0097F00058000000,97F58 000000,2022-03-02,MG-22-000142,Pittsburgh,19,"",,Midfirst Bank,2022-11-01
37811,0035N00181000000,35N181,2024-09-30,GD-24-010868,Pittsburgh,19,"",0,Wilmington Trust National Association,2024-10-11
30526,0035R00332000000,0035R00332 000000,2020-09-22,GD-20-010083,Pittsburgh,19,Sheriff Return,0,Midfirst Bank,
39898,0015A00059000000,15A59,2025-10-06,GD-25-010385,Pittsburgh,19,"",1159686.26,Community Bank,2025-12-01
35334,0005C00036000000,5C36,2023-05-17,MG-23-000485,Pittsburgh,19,"",84440,Finance of America Reverse LLC,2023-12-14
36317,0016P00178000000,16P178,2023-12-15,MG-23-001134,Pittsburgh,19,"",55514.63,U.S. Bank National Association,2025-09-24
38598,0035F00209000000,35F209,2025-02-03,MG-25-000086,Pittsburgh,19,"",0,U.S. Bank Trust Company National Association,2026-02-09
32538,0016P00002000000,0016P00002,2020-12-11,MG-20-000438,Pittsburgh,19,"",0,Wells Fargo Bank National Association,2022-11-01
33228,0096E00140000000,0096E00140,2021-02-16,GD-21-001298,Pittsburgh,19,"",0,Wells Fargo Bank N.A.,2022-11-01
37815,0035K00181000000,35K181,2024-09-30,GD-24-010868,Pittsburgh,19,"",0,Wilmington Trust National Association,2024-10-11
30443,0097H00049000000,0097H00049 000000,2020-03-30,MG-20-000346,Pittsburgh,19,Complaint,92043.85,Deutsche Bank National Trust Company,
35566,0035C00092000000,35C92,2023-06-13,MG-23-000560,Pittsburgh,19,"",95079.29,UMB Bank National Association,2026-01-15
37919,0035K00068000000,35K68,2024-10-29,MG-24-000807,Pittsburgh,19,"",75902.9,Fifth Third Bank National Association,2026-02-26
37926,0035K00070000000,35K70,2024-10-29,MG-24-000807,Pittsburgh,19,"",75902.9,Fifth Third Bank National Association,2026-02-26
36599,0035G00065000000,35G65,2024-02-22,MG-24-000134,Pittsburgh,19,"",0,U.S. Bank Trust National Association,2024-09-06
33267,0006R00267000000,6R267,2021-01-21,MG-21-000013,Pittsburgh,19,"",13057.17,Citibank N.A.,2022-11-01
35444,0061E00215000000,61E215,2023-07-25,MG-23-000682,Pittsburgh,19,"",137750.51,Pennsylvania Housing Finance Agency,2023-08-15
33288,0062D00202000000,62D202,2021-03-12,MG-21-000059,Pittsburgh,19,"",88685.85,Wilmington Savings Fund Society FSB,2022-11-01
34526,0097D00212000000,97D212,2023-02-21,MG-23-000164,Pittsburgh,19,"",126672.82,Dollar Bank Federal Savings Bank,2024-06-09
38621,0035C00255000000,35C255,2025-02-27,MG-25-000164,Pittsburgh,19,"",0,U.S. Bank National Association,2025-04-25
38483,0004J00186000000,4J186,2024-03-14,MG-24-000190,Pittsburgh,19,"",128600.27,U.S. Bank Trust National Association,2025-05-23
33318,0016K00112000000,16K112,2021-03-16,GD-21-002402,Pittsburgh,19,"",97426.68,U.S. Bank National Association,2022-11-01
40471,0004K00325000000,4K325,2026-01-28,MG-26-000065,Pittsburgh,19,"",187693.38,Sailfish Servicing LLC,2026-02-28
33803,0004R00217000000,0004R00217,2021-05-04,GD-21-004737,Pittsburgh,19,"",936785.73,LWBC LLC,2022-12-06
30342,0005D00151000000,5D151,2020-03-12,GD-20-004043,Pittsburgh,19,Certificate of Location,31418.99,Dollar Bank Federal Savings Bank,
36557,0035B00208000000,35B208,2024-02-14,GD-24-001770,Pittsburgh,19,"",0,U.S. Bank Trust National Association,2024-10-04
37276,0062F00124000000,62F124,2024-06-20,MG-24-000467,Pittsburgh,19,"",60005.6,U.S. Bank National Association,2025-07-18
39514,0035L00119000000,35L119,2025-08-18,MG-25-000700,Pittsburgh,19,"",72279.17,PNC Bank National Association,2025-10-13
40464,0004P00322000000,4P322,2026-02-26,MG-26-000170,Pittsburgh,19,"",65716.05,Fifth Third Bank N.A.,2026-02-27
36116,0035G00055000000,35G55,2023-11-07,GD-23-012891,Pittsburgh,19,"",0,US Bank Trust National Association,2025-10-22
36905,0035B00189000000,35B189,2024-04-12,GD-24-004210,Pittsburgh,19,"",0,U.S. Bank Trust National Association,2024-09-06
36556,0015B00238000000,15B238 00000,2024-02-14,GD-24-001723,Pittsburgh,19,"",203449.47,FTF Lending LLC,2024-06-26
33548,0035F00201000000,35F201,2021-11-08,MG-21-000210,Pittsburgh,19,"",51792.73,Wilmington Savings Fund Society FSB,2023-09-11
37820,0016P00203000000,16P203,2024-09-30,GD-24-010868,Pittsburgh,19,"",0,Wilmington Trust National Association,2024-10-11
37821,0035L00242000000,35L242,2024-09-30,GD-24-010868,Pittsburgh,19,"",0,Wilmington Trust National Association,2024-10-11
37822,0035N00276000000,35N276,2024-09-30,GD-24-010868,Pittsburgh,19,"",0,Wilmington Trust National Association,2024-10-11
38388,0035C00201000000,35C201,2025-01-15,MG-25-000030,Pittsburgh,19,"",0,Rocket Mortgage LLC,2026-02-26
35861,0121E00155000000,121E155,2023-09-21,MG-23-000872,Pittsburgh,19,"",24475.12,Midfirst Bank,2023-11-16
36693,0006M00292000000,6M292,2024-03-13,MG-24-000187,Pittsburgh,19,"",0,Bank of New York Mellon,2025-07-22
38882,0004J00041000000,4J41,2025-04-21,MG-25-000323,Pittsburgh,19,"",8998.42,New Day Funding LLC,2025-06-13
36552,0062F00047000000,62F47,2024-02-14,GD-24-001777,Pittsburgh,19,"",0,U.S. Bank Trust National Association,2024-10-04
36595,0035G00233000000,35G233,2024-02-22,GD-24-001972,Pittsburgh,19,"",0,U.S. Bank Trust National Association,2024-10-04
34755,0061E00204000000,61E204,2023-03-21,MG-23-000270,Pittsburgh,19,"",71931.52,PNC Bank National Association,2023-10-09
32482,0004A00140000000,4A140,2021-06-07,MG-21-000106,Pittsburgh,19,"",39703.47,Wilmington Savings Fund Society FSB,2023-05-01
35404,0096J00210000000,96J210,2023-07-05,GD-23-008162,Pittsburgh,19,"",3022.63,U.S. Bank National Association,2023-11-22
35203,0035G00288000000,35G288,2023-05-16,MG-23-000475,Pittsburgh,19,"",213653.45,Carrington Mortgage Services LLC,2023-09-22
36567,0035A00076000000,35A76,2024-02-14,GD-24-001773,Pittsburgh,19,"",0,U.S. Bank Trust National Association,2024-10-04
37995,0001R00020000000,1R20,2024-11-04,GD-24-012565,Pittsburgh,19,"",0,Wilmington Trust National Association,2025-06-04
38878,0004R00151000000,4R151,2023-03-23,MG-23-000282,Pittsburgh,19,"",59720.92,HSBC Bank USA National Association,2025-07-01
39500,0061A00283000000,61A283,2025-08-14,MG-25-000688,Pittsburgh,19,"",21246.94,Dollar Bank Federal Savings Bank,2026-02-20
36885,0035P00081000000,35P81,2024-04-17,GD-24-004400,Pittsburgh,19,"",0,U.S. Bank Trust National Association,2024-09-06
36182,0006L00182000000,6L182,2023-11-21,GD-23-013339,Pittsburgh,19,"",0,Keybank National Association,2024-04-18
35005,0015C00192000000,15C192,2023-04-11,MG-23-000339,Pittsburgh,19,"",31668.08,Rocket Mortgage LLC,2024-06-02
36514,0062H00306000000,62H306,2024-01-22,GD-24-000874,Pittsburgh,19,"",74797.26,First Commonwealth Bank,2024-11-06
36020,0062M00231000000,62M231,2023-10-09,MG-23-000923,Pittsburgh,19,"",0,Keybank N.A,2024-07-22
36178,0062S00283000000,62S283,2023-11-20,GD-23-013291,Pittsburgh,19,"",47630.41,U.S. Bank Trust National Association,2024-04-22
35433,0062P00220000000,62P220,2023-06-20,MG-23-000582,Pittsburgh,19,"",0,PNC Bank National Association,2023-08-14
36207,0062B00126000000,62B126,2023-11-27,MG-23-001069,Pittsburgh,19,"",0,PNC Bank NA,2024-02-07
38479,0004J00185000000,4J185,2024-03-14,MG-24-000190,Pittsburgh,19,"",128600.27,U.S. Bank Trust National Association,2025-05-23
40030,0035B00168000000,35B168,2025-11-14,MG-25-000973,Pittsburgh,19,"",0,Rocket Mortgage LLC,2026-02-27
34957,0062P00282000100,62P282 1,2023-04-14,GD-23-004979,Pittsburgh,19,"",1765515.42,1st Summit Bank,2023-12-29
33757,0061B00016000000,61B16,2022-11-30,GD-22-014533,Pittsburgh,19,"",191364.71,Lakeview Loan Servicing LLC,2024-02-16
36191,0001N00049000000,1N49,2023-11-15,MG-23-001035,Pittsburgh,19,"",135942.31,Community Bank,2025-05-27
36374,0096J00210000000,96J210,2023-07-05,GD-23-008162,Pittsburgh,19,"",3022.63,NRZ REO Inventory Corp,2024-05-14
39667,0062H00281000000,62H281 0000,2025-09-17,MG-25-000808,Pittsburgh,19,"",175891.32,Lakeview Loan Servicing LLC,2026-02-20
40304,0015B00303000000,15B303,2026-01-27,GD-26-000797,Pittsburgh,19,"",0,PNC Bank National Association,2026-02-17
38170,0035C00185000000,35C185,2024-12-11,MG-24-000930,Pittsburgh,19,"",80976.38,Rocket Mortgage LLC,2026-01-07
39775,0035P00144000000,35P144,2025-10-08,MG-25-000881,Pittsburgh,19,"",67327.12,Federal Home Loan Mortgage Corporation,2026-02-03
37812,1659K00182000000,1659K182,2024-09-30,GD-24-010868,Pittsburgh,19,"",0,Wilmington Trust National Association,2024-10-11
39665,0061B00103000000,61B103,2025-09-16,MG-25-000802,Pittsburgh,19,"",170744.1,Lakeview Loan Servicing LLC,2026-01-20
35207,0035F00002000000,35F2,2023-05-08,MG-23-000444,Pittsburgh,19,"",43802.04,U.S. Bank National Association,2026-01-20
39822,0035D00124000000,35D124,2025-10-06,GD-25-010379,Pittsburgh,19,"",585271.63,Community Bank,2026-02-06
39825,0004L00202000000,4L202,2025-10-06,GD-25-010379,Pittsburgh,19,"",585271.63,Community Bank,2026-02-06
40027,0062B00027000000,62B27,2025-11-24,MG-25-001002,Pittsburgh,19,"",0,Wells Fargo Bank N.A.,2025-11-26
38201,0006R00267000000,6R267,2024-12-16,MG-24-000951,Pittsburgh,19,"",97376.39,U.S. Bank Trust National Association,2026-01-26
40299,0035H00201000000,35H201,2026-01-06,GD-26-000126,Pittsburgh,19,"",412358.48,CFSBank,2026-01-29
39992,0035F00191000000,35F191,2025-11-20,MG-25-000988,Pittsburgh,19,"",38254.84,Pennsylvania Equity Resources Inc.,2026-01-29
36236,0002A00127090500,2A127 0905,2023-11-29,MG-23-001080,Pittsburgh,2,"",476118.96,Citizens Bank N.A.,2026-01-22
34225,0094E00110000000,94E110 0000,2023-01-23,GD-23-001021,Pittsburgh,2,"",0,Lakeview Loan Servicing LLC,2024-11-06
37788,0002A00047000000,2A47,2024-10-01,GD-24-010904,Pittsburgh,2,"",136675,Glickman Realty Inc.,2026-01-30
37885,"",1C167 02,2024-10-16,GD-24-011563,Pittsburgh,2,"",84379632.96,Wells Fargo Bank National Association,2025-11-12
32639,0001D00259C61000,1D259 C610,2022-09-07,MG-22-000663,Pittsburgh,2,"",515502.97,Wesbanco Bank Inc.,2024-02-20
30565,0001C01662A00400,1C1662 A004,2020-10-28,GD-20-011179,Pittsburgh,2,Complaint,132248.87,Towd Point Mortgage Trust 2017-3,
38957,0025N00080041500,25N80 0415,2025-04-10,GD-25-003958,Pittsburgh,2,"",0,U.S. Bank National Association,2025-07-25
39449,0002A00190000000,2A190,2025-07-31,GD-25-008329,Pittsburgh,2,"",0,RSS GSMS2015-Gc28 PA 4SA LLC,2026-02-23
36366,"","",2023-12-26,GD-23-014621,Pittsburgh,2,"",59109138.06,Pacific Life Insurance Company,2024-02-28
38950,0002E0005300HU00,2E53 HU,2025-04-14,GD-25-004046,Pittsburgh,2,"",0,Orix Re Holdings LLC,2026-02-20
34554,0002A00183000000,2A183,2020-07-30,GD-20-008150,Pittsburgh,2,"",0,Jemal's Centre City LLC,2023-02-22
33681,0025N00080000000,25N80,2022-11-22,GD-22-014353,Pittsburgh,2,"",270503.45,U.S. Bank National Association,2025-03-03
35041,0062R00293000000,62R293,2023-04-24,MG-23-000382,Pittsburgh,2,"",265631.37,AmeriSave Mortgage Corporation,2023-05-22
34744,0001C01662000000,1C1662,2023-03-20,GD-23-003754,Pittsburgh,2,"",0,Gateway Towers Condominium Association Inc.,2023-04-27
37881,0001C00167000001,1C167 01,2024-10-16,GD-24-011563,Pittsburgh,2,"",84379632.96,Wells Fargo Bank National Association,2025-11-12
35292,0375K00244000000,375K244,2023-05-11,MG-23-000457,Pittsburgh,2,"",49972.15,US Bank Trust National Association,2023-05-26
39436,0002A00188000000,2A188,2025-07-31,GD-25-008329,Pittsburgh,2,"",0,RSS GSMS2015-Gc28 PA 4SA LLC,2026-02-23
37874,0001C00200000000,1C200,2024-10-16,GD-24-011563,Pittsburgh,2,"",84379632.96,Wells Fargo Bank National Association,2025-11-12
33547,0001C01662A00400,1C1662 A004,2020-10-28,GD-20-011179,Pittsburgh,2,"",132248.87,Towd Point Mortgage Trust 2017-3,2024-11-06
31392,0018B00135000000,18B135 000000,2022-03-24,MG-22-000209,Pittsburgh,20,Complaint,233013.69,UMB Bank National Association,
38431,0019B00063000000,19B63 0000,2025-01-27,MG-25-000060,Pittsburgh,20,"",0,Federal Home Loan Mortgage Corporation,2025-01-28
31163,0042J00066000000,42J66 000000,2022-01-04,MG-22-000007,Pittsburgh,20,Order of Court,0,Midfirst Bank,
31180,0041B00138000000,41B138,2022-01-18,MG-22-000026,Pittsburgh,20,Complaint,,Pennsylvania Housing Finance Agency,
30080,0017R00002000000,0017R00002 000000,2020-01-07,MG-20-000026,Pittsburgh,20,Sheriff Return,0,Wells Fargo Bank N.A.,
32097,0041A00026000000,41A26,2021-12-13,GD-21-014901,Pittsburgh,20,"",40439.8,Trinity Financial Services LLC,2023-05-04
33941,0070D00096000000,70D96 000000,2022-12-07,MG-22-000969,Pittsburgh,20,"",26220.19,U.S. Bank National Association,2022-12-22
33564,0020L00033000000,20L33,2022-11-11,GD-22-013886,Pittsburgh,20,"",56248.53,Star 212 LLC,2023-03-22
33483,0071S00235000000,71S235,2022-03-01,MG-22-000132,Pittsburgh,20,"",,Rocket Mortgage LLC,2024-11-06
31268,0019B00178000000,19B178,2022-02-18,MG-22-000101,Pittsburgh,20,Complaint,31169.75,Penn Pioneer Enterprises LLC,
36762,0042R00318000000,42R318,2023-05-04,MG-23-000433,Pittsburgh,20,"",41680.07,NewRez LLC,2026-02-24
36584,0063F00045000000,63F45,2022-12-13,MG-22-000998,Pittsburgh,20,"",27714.88,US Bank Trust National Association,2024-09-10
40291,0042P00053000000,42P53,2026-01-28,MG-26-000064,Pittsburgh,20,"",112834.89,Amerihome Mortgage Company,2026-02-17
40128,0042L00078000000,42L78,2025-12-22,GD-25-013766,Pittsburgh,20,"",0,Wilmington Trust National Association,2026-02-11
40293,0021J00183000000,21J183,2026-01-26,GD-26-000777,Pittsburgh,20,"",98618.1,U.S. Bank Trust National Association,2026-02-06
33424,0042J00298000000,42J298 000000,2022-11-02,GD-22-013567,Pittsburgh,20,"",0,U.S. Bank National Association,2022-12-20
37654,0060D00215000000,60D215,2024-09-03,GD-24-009757,Pittsburgh,20,"",149914.88,Wilmington Savings Fund Society FSB,2026-02-03
31314,0071S00235000000,71S235,2022-03-01,MG-22-000132,Pittsburgh,20,Order of Court,,Rocket Mortgage LLC,
40387,0070D00117000000,70D117,2026-02-17,GD-26-001787,Pittsburgh,20,"",62405.11,Pacific Asset Holding LLC,2026-02-19
32830,0021J00044000000,21J44,2022-10-13,MG-22-000785,Pittsburgh,20,"",59159.13,Bank United N.A.,2024-01-12
30232,0036P00240000000,0036P00240 000000,2020-02-06,MG-20-000150,Pittsburgh,20,Complaint,17111.04,PNC Bank National Association,
31344,0042J00158000000,42J158,2022-03-09,MG-22-000162,Pittsburgh,20,Sheriff Return,,Wells Fargo Bank N.A.,
39150,0018L00003000000,18L3,2025-06-06,MG-25-000465,Pittsburgh,20,"",24562.84,Nationstar Mortgage LLC,2026-01-06
34195,0020L00049000000,20L49,2022-09-01,MG-22-000653,Pittsburgh,20,"",58201.89,PNC Bank National Association,2024-08-12
36187,0042L00185000000,42L185,2023-06-30,MG-23-000611,Pittsburgh,20,"",44825.96,Reliance First Capital LLC,2026-02-09
32822,0021J00042000000,21J42,2022-10-13,MG-22-000785,Pittsburgh,20,"",59159.13,Bank United N.A.,2024-01-12
33545,0018B00135000000,18B135 000000,2022-03-24,MG-22-000209,Pittsburgh,20,"",233013.69,UMB Bank National Association,2022-12-20
37435,0042L00181000000,42L181,2024-02-12,MG-24-000098,Pittsburgh,20,"",64592.12,U.S. Bank Trust Company National Association,2025-11-10
31846,0020B00032000000,20B32,2022-08-25,MG-22-000619,Pittsburgh,20,Exhibits,46516.49,The Bank of New York Mellon,
31406,0071S00175000000,71S175,2022-03-24,MG-22-000223,Pittsburgh,20,Complaint,,Wells Fargo Bank N.A.,
33611,0063F00026000000,63F26,2022-11-10,GD-22-013872,Pittsburgh,20,"",169465.52,Citizens Bank N.A.,2023-04-05
31465,0042L00018000000,42L18,2022-04-07,MG-22-000279,Pittsburgh,20,Sheriff Return,,MTGLQ Investors L.P.,
31466,0021J00071000000,21J71,2022-04-08,MG-22-000280,Pittsburgh,20,Complaint,,SSB Bank,
39800,0071G00036000000,71G36,2025-10-09,GD-25-010537,Pittsburgh,20,"",168536.03,Dollar Bank Federal Savings Bank,2026-02-03
38481,0019B00063000000,19B63,2025-01-27,MG-25-000060,Pittsburgh,20,"",0,Federal Home Loan Mortgage Corporation,2025-03-10
31529,0042N00038000000,42N38,2022-05-02,MG-22-000337,Pittsburgh,20,Order of Court - Held for Conciliation,,Futurae Investments,
38568,0042M00157000000,42M157,2025-02-24,MG-25-000142,Pittsburgh,20,"",92105.54,First Commonwealth Bank,2025-09-30
35903,0036J00176000000,36J176,2023-10-10,MG-23-000936,Pittsburgh,20,"",73693.32,New Residential Mortgage Loan Trust 2017-4,2024-07-29
37565,0042L00273000000,42L273,2024-08-20,MG-24-000633,Pittsburgh,20,"",68931.67,U.S. Bank Trust National Association,2024-12-02
40206,0042J00284000000,42J284,2025-12-04,MG-25-001044,Pittsburgh,20,"",76020.18,PennyMac Loan Services LLC,2025-12-31
35855,0019D00247000000,19D247,2023-09-28,GD-23-011383,Pittsburgh,20,"",74290.55,First Commonwealth Bank,2024-05-06
34186,0020L00048000000,20L48,2022-09-01,MG-22-000653,Pittsburgh,20,"",58201.89,PNC Bank National Association,2024-08-12
39806,0042H00148000000,42H148,2025-10-16,GD-25-010770,Pittsburgh,20,"",116550.39,Nationstar Mortgage LLC,2026-01-09
31623,0042L00150000000,42L150,2022-06-03,MG-22-000417,Pittsburgh,20,Order of Court - Held for Conciliation,81447.88,Wilmington Savings Fund Society  FSB,
31928,0019B00230000000,19B230,2022-08-12,MG-22-000586,Pittsburgh,20,"",0,U.S. Bank National Association,2023-10-09
39142,0042M00149000000,42M149,2025-06-04,MG-25-000454,Pittsburgh,20,"",34718.96,Wesbanco Bank Inc.,2025-09-04
31659,0042N00060000000,42N60,2022-06-17,MG-22-000453,Pittsburgh,20,Confidential Information Form,71489.39,Babylon Capital LLC,
33463,0042N00038000000,42N38,2022-05-02,MG-22-000337,Pittsburgh,20,"",,Futurae Investments,2023-05-03
37427,0071L00211000000,71L211,2024-07-22,MG-24-000561,Pittsburgh,20,"",63479.53,U.S. Bank Trust Company National Association,2025-06-03
40115,0036D00110000000,36D110,2025-12-18,GD-25-013583,Pittsburgh,20,"",40021.65,First Commonwealth Bank,2026-02-25
35973,0015D00016000000,15D16,2023-06-06,GD-23-007024,Pittsburgh,20,"",0,JP Morgan Mortgage Acquisition Corp.,2024-08-13
35836,0041B00138000000,41B138,2023-09-06,MG-23-000816,Pittsburgh,20,"",0,Pennsylvania Housing Finance Agency,2024-08-20
31731,0042N00250000000,42N250,2022-07-13,MG-22-000516,Pittsburgh,20,Complaint,41994.59,U.S. Bank National Association,
31746,0042P00345000000,42P345 000000,2022-07-21,MG-22-000531,Pittsburgh,20,Complaint,0,Caliber Home Loans Inc,
35950,0020S00063000000,20S63 0000,2023-10-20,GD-23-012235,Pittsburgh,20,"",200110.97,Groundfloor Properties GA LLC,2024-10-22
31775,0019B00134000000,19B134 000000,2022-08-16,GD-22-010164,Pittsburgh,20,Complaint,19860.9,Wilmington Savings Fund Society FSB,
38225,0042D00329000000,42D329,2024-12-18,GD-24-014786,Pittsburgh,20,"",32134.83,Towd Company Mortgage Trust 2016-5,2026-02-25
38421,0036C00028000000,36C28,2025-01-13,GD-25-000358,Pittsburgh,20,"",106147.69,Citimortgage Inc.,2025-05-07
37710,0041E00103000000,41E103,2024-09-23,MG-24-000708,Pittsburgh,20,"",125870.28,Lakeview Loan Servicing LLC,2025-12-09
35577,0042D00252000000,42D252,2023-08-24,MG-23-000779,Pittsburgh,20,"",7550.61,Citimortgage Inc.,2026-02-23
32041,0042N00250000000,42N250,2022-07-13,MG-22-000516,Pittsburgh,20,"",41994.59,U.S. Bank National Association,2024-10-23
32201,0020B00032000000,20B32,2022-08-25,MG-22-000619,Pittsburgh,20,"",46516.49,The Bank of New York Mellon,2022-12-06
33501,0019B00178000000,19B178,2022-02-18,MG-22-000101,Pittsburgh,20,"",31169.75,Penn Pioneer Enterprises LLC,2023-01-12
38490,0042L00258000000,42L258,2025-02-03,MG-25-000085,Pittsburgh,20,"",40632.47,PNC Bank National Association,2026-02-12
31814,0019B00230000000,19B230,2022-08-12,MG-22-000586,Pittsburgh,20,Complaint,0,U.S. Bank National Association,
33452,0042C00131000000,42C131,2022-11-03,GD-22-013587,Pittsburgh,20,"",58592.89,CSMC 2021-RPL3 Trust,2024-01-30
35324,0042R00318000000,42R318,2023-05-04,MG-23-000433,Pittsburgh,20,"",41680.07,Loancare LLC,2024-01-30
35984,0042M00107000000,42M107,2023-10-11,MG-23-000941,Pittsburgh,20,"",77839.25,Pennsylvania Housing Finance Agency,2023-11-29
38227,0042D00334000000,42D334,2024-12-18,GD-24-014786,Pittsburgh,20,"",32134.83,Towd Company Mortgage Trust 2016-5,2026-02-25
38723,0042L00150000000,42L150,2025-03-04,MG-25-000178,Pittsburgh,20,"",83562.36,Carrington Mortgage Services LLC,2025-07-31
33602,0020S00058000000,20S58,2022-11-15,MG-22-000901,Pittsburgh,20,"",0,US Bank Trust National Association,2023-01-20
37364,0021J00042000000,21J42,2024-07-05,MG-24-000522,Pittsburgh,20,"",62355.27,Carrington Mortgage Services LLC,2026-01-15
33615,0019H00018000000,0019H00018,2021-04-26,GD-21-004417,Pittsburgh,20,"",68337.2,Wilmington Savings Fund Society,2022-11-16
34748,0018B00135000000,18B135,2022-03-24,MG-22-000209,Pittsburgh,20,"",233013.69,UMB Bank National Association,2024-07-02
34223,0019B00134000000,19B134,2022-08-16,GD-22-010164,Pittsburgh,20,"",19860.9,Wilmington Savings Fund Society FSB,2025-06-19
32122,0042L00018000000,42L18,2022-04-07,MG-22-000279,Pittsburgh,20,"",,MTGLQ Investors L.P.,2024-02-16
35817,0071G00036000000,71G36,2023-09-26,MG-23-000884,Pittsburgh,20,"",156001.84,Dollar Bank FSB,2025-10-06
30322,0042L00273000000,0042L00273 000000,2020-02-27,MG-20-000243,Pittsburgh,20,Complaint,0,Wells Fargo Bank N.A.,
37641,0042M00035000000,42M35,2024-08-23,MG-24-000645,Pittsburgh,20,"",76330.97,Allied Mortgage Group Inc.,2026-02-23
30152,0063B00133000000,0063B00133 000000,2020-01-27,MG-20-000095,Pittsburgh,20,Complaint,52774.48,Huntington National Bank,
35073,0018G00222000000,18G222,2023-04-26,MG-23-000394,Pittsburgh,20,"",16781.07,Pennymac Loan Services LLC,2023-05-12
34827,0020R00208000000,20R208,2023-03-27,MG-23-000297,Pittsburgh,20,"",32372.02,Citigroup Mortgage Loan Trust 2022-RP2,2024-11-06
33503,0041B00138000000,41B138,2022-01-18,MG-22-000026,Pittsburgh,20,"",,Pennsylvania Housing Finance Agency,2023-02-07
35395,0019B00063000000,19B63,2023-07-13,MG-23-000647,Pittsburgh,20,"",0,Federal Home Loan Mortgage Corporation,2023-08-05
34270,0019L00009000000,19L9,2023-01-26,MG-23-000078,Pittsburgh,20,"",43183.91,Mastr Asset Backed Securities Trust 2005-Wf1 U.S. Bank Nati,2024-03-27
34092,0042J00298000000,42J298,2022-11-02,GD-22-013567,Pittsburgh,20,"",0,U.S. Bank National Association,2023-05-10
39451,0041F00006000000,41F6 0000,2025-07-31,MG-25-000639,Pittsburgh,20,"",0,Deutsche Bank National Trust Company,2025-08-31
39268,0036G00072000000,36G72,2025-05-30,MG-25-000444,Pittsburgh,20,"",157145.85,Pennsylvania Housing Finance Agency,2026-01-08
36601,0035J00110000000,35J110,2024-02-22,GD-24-001965,Pittsburgh,20,"",0,U.S. Bank Trust National Association,2024-10-04
36294,0071M00008000000,71M8,2023-12-12,GD-23-014186,Pittsburgh,20,"",140541.77,Loan Funder LLC Series 42103,2024-04-01
37098,0042J00236000000,42J236,2024-05-23,MG-24-000400,Pittsburgh,20,"",0,Huntington National Bank,2025-05-27
36682,0036S00068000000,36S68,2024-03-05,MG-24-000164,Pittsburgh,20,"",0,Huntington National Bank,2024-12-09
30353,0042M00166000000,42M166,2020-03-19,GD-20-004409,Pittsburgh,20,Complaint,10762,Trinity Financial Services LLC,
34189,0020L00045000000,20L45,2022-09-01,MG-22-000653,Pittsburgh,20,"",58201.89,PNC Bank National Association,2024-08-12
32125,0021J00071000000,21J71,2022-04-08,MG-22-000280,Pittsburgh,20,"",,SSB Bank,2023-05-16
38818,0071H00319000000,71H319,2025-04-03,GD-25-003640,Pittsburgh,20,"",161019.07,U.S. Bank Trust National Association,2025-11-14
39491,0042S00274000000,42S274,2025-08-11,MG-25-000675,Pittsburgh,20,"",33512.21,Dollar Bank Federal Savings Bank,2026-02-03
37912,0041B00138000000,41B138,2024-10-09,MG-24-000760,Pittsburgh,20,"",0,Pennsylvania Housing Finance Agency,2025-03-19
36386,0042M00107000000,42M107,2023-10-11,MG-23-000941,Pittsburgh,20,"",77839.25,US Bank National Association,2024-06-09
33375,0042J00066000000,42J66,2022-01-04,MG-22-000007,Pittsburgh,20,"",0,Midfirst Bank,2022-11-01
30575,0005K00222000000,0005K00222,2020-10-13,MG-20-000402,Pittsburgh,20,Complaint,35398.7,PNC Bank National Association,
36449,0020H00020000000,20H20,2024-01-12,MG-24-000028,Pittsburgh,20,"",0,PNC Bank National Association,2024-02-13
34889,0019H00018000000,19H18,2021-04-26,GD-21-004417,Pittsburgh,20,"",68337.2,Wilmington Savings Fund Society,2023-04-19
39701,0042P00021000000,42P21,2025-09-11,GD-25-009545,Pittsburgh,20,"",106853.06,Wilmington Savings Fund Society FSB,2026-02-24
34001,0042J00247000000,42J247,2022-12-28,MG-22-001056,Pittsburgh,20,"",0,Movement Mortgage LLC,2023-09-12
40023,0042J00236000000,42J236,2025-11-24,MG-25-001004,Pittsburgh,20,"",0,Huntington National Bank,2026-02-04
32481,0020L00045000000,20L45 000000,2022-09-01,MG-22-000653,Pittsburgh,20,"",58201.89,PNC Bank National Association,2022-12-02
34536,0063B00133000000,63B133,2020-01-27,MG-20-000095,Pittsburgh,20,"",52774.48,Huntington National Bank,2023-11-16
32133,0042M00016000000,0042M00016,2021-06-28,MG-21-000114,Pittsburgh,20,"",39895.36,Trinity Financial Services LLC,2022-11-01
36104,0071S00135000000,71S135,2023-11-01,MG-23-000998,Pittsburgh,20,"",0,Freedom Mortgage Corporation,2025-01-14
31872,0042M00295000000,42M295,2022-01-18,GD-22-000665,Pittsburgh,20,"",,Pennsylvania Housing Finance Agency,2023-03-29
33262,0042J00114000000,42J114,2020-12-28,MG-20-000445,Pittsburgh,20,"",0,Trinity Financial Services LLC,2022-11-01
33255,0041C00223000000,41C223,2021-03-11,MG-21-000054,Pittsburgh,20,"",0,U.S. Bank Trust National Association,2022-11-01
30655,0042J00114000000,42J114,2020-12-28,MG-20-000445,Pittsburgh,20,Complaint,0,Trinity Financial Services LLC,
30719,0042S00171000000,42S171,2021-02-15,MG-21-000032,Pittsburgh,20,Complaint,112853.69,Deutsche Bank National Trust Company,
34868,0071S00110000000,71S110,2023-03-30,MG-23-000308,Pittsburgh,20,"",61407.45,Pennsylvania Housing Finance Agency,2024-11-06
39336,0042P00054000000,42P54,2025-07-18,MG-25-000596,Pittsburgh,20,"",99906.05,First Commonwealth Bank,2025-09-29
33236,0042L00038000000,42L38,2021-05-07,GD-21-005030,Pittsburgh,20,"",0,Citizens Bank N.A.,2023-01-12
34181,0020L00043000000,20L43,2022-09-01,MG-22-000653,Pittsburgh,20,"",58201.89,PNC Bank National Association,2024-08-12
34634,0063E00240000000,63E240,2023-03-07,MG-23-000213,Pittsburgh,20,"",48978.19,Federal Home Loan Mortgage Corporation,2023-04-20
30752,0041C00223000000,41C223,2021-03-11,MG-21-000054,Pittsburgh,20,Affidavit of Service,0,U.S. Bank Trust National Association,
40286,0019B00063000000,19B63,2026-01-23,MG-26-000051,Pittsburgh,20,"",36204.6,Federal Home Loan Mortgage Corporation,2026-02-27
32662,0021J00130000000,21J130,2022-09-30,MG-22-000748,Pittsburgh,20,"",91343.84,SSB Bank,2024-01-11
33223,0041C00134000000,41C134,2021-08-05,GD-21-009243,Pittsburgh,20,"",0,Fidelity Bank N.A.,2022-11-01
33200,0042P00005000000,0042P0005,2021-06-22,MG-21-000112,Pittsburgh,20,"",0,Red Stick Acquisitions LLC,2022-11-01
38199,0045F00027000000,45F27,2024-01-25,GD-24-000989,Pittsburgh,20,"",149795.75,HOF Grantor Trust 1,2025-12-05
34071,0005P00087000000,5P87,2022-12-07,MG-22-000966,Pittsburgh,20,"",71040.97,U.S. Bank National Trust Association,2023-01-10
40460,0021J00189000000,21J189,2026-02-26,GD-26-002269,Pittsburgh,20,"",112245.43,U.S. Bank Trust National Association,2026-02-27
30774,0019H00018000000,0019H00018 000000,2021-04-26,GD-21-004417,Pittsburgh,20,Complaint,68337.2,Carrington Mortgage Services LLC,
34580,0036L00014000000,36L14,2023-02-24,MG-23-000184,Pittsburgh,20,"",88489.94,Lakeview Loan Servicing LLC,2023-03-27
34821,0042M00016000000,42M16,2021-06-28,MG-21-000114,Pittsburgh,20,"",39895.36,Trinity Financial Services LLC,2023-03-27
33842,0063F00045000000,63F45,2022-12-13,MG-22-000998,Pittsburgh,20,"",27714.88,Specialized Loan Servicing LLC,2024-01-16
30775,0036F00169000000,36F169,2021-04-27,GD-21-004457,Pittsburgh,20,Complaint,124198.51,Pennsylvania Housing Finance Agency,
36251,0042E00102000000,42E102,2023-11-22,MG-23-001065,Pittsburgh,20,"",57836.64,Fifth Third Bank National Association,2023-12-25
30802,0042L00038000000,42L38,2021-05-07,GD-21-005030,Pittsburgh,20,Sheriff Return,0,Citizens Bank N.A.,
32491,0020L00048000000,20L48 000000,2022-09-01,MG-22-000653,Pittsburgh,20,"",58201.89,PNC Bank National Association,2022-12-02
36546,0042L00181000000,42L181,2024-02-12,MG-24-000098,Pittsburgh,20,"",64592.12,U.S. Bank National Association,2024-05-01
30849,0042P00005000000,0042P0005 000000,2021-06-22,MG-21-000112,Pittsburgh,20,Complaint,0,Red Stick Acquisitions LLC,
30297,0036P00318000000,036P318,2020-02-20,MG-20-000218,Pittsburgh,20,Complaint,0,Deutsche Bank National Trust Company,
38379,0042P00053000000,42P53,2025-01-07,MG-25-000016,Pittsburgh,20,"",0,AmeriHome Mortgage Company LLC,2025-03-11
32474,0020L00049000000,20L49 000000,2022-09-01,MG-22-000653,Pittsburgh,20,"",58201.89,PNC Bank National Association,2022-12-02
30851,0042M00016000000,0042M00016,2021-06-28,MG-21-000114,Pittsburgh,20,Complaint,39895.36,Trinity Financial Services LLC,
32497,0020L00047000000,20L47 000000,2022-09-01,MG-22-000653,Pittsburgh,20,"",58201.89,PNC Bank National Association,2022-12-02
33064,0019B00134000000,19B134 000000,2022-08-16,GD-22-010164,Pittsburgh,20,"",19860.9,Wilmington Savings Fund Society FSB,2022-12-28
30894,0041C00134000000,41C134,2021-08-05,GD-21-009243,Pittsburgh,20,Affidavit of Service,0,Fidelity Bank N.A.,
30922,0042L00277000000,42L277,2021-08-20,MG-21-000143,Pittsburgh,20,Complaint,20928.32,ASO Equity Partners LLC,
30978,0071G00238000000,0071G00238,2021-10-01,MG-21-000174,Pittsburgh,20,Conciliation Requested (MG),0,Reverse Mortgage Funding LLC,
30223,0041E00037000000,41E37,2020-02-05,MG-20-000141,Pittsburgh,20,Complaint,34495.72,Pennsylvania Housing Finance Agency,
31076,0041A00026000000,41A26,2021-12-13,GD-21-014901,Pittsburgh,20,Complaint,40439.8,Trinity Financial Services LLC,
33875,0042P00345000000,42P345 000000,2022-07-21,MG-22-000531,Pittsburgh,20,"",0,Caliber Home Loans Inc.,2022-12-15
38948,0020R00276000000,20R276,2025-04-13,MG-25-000301,Pittsburgh,20,"",0,Bank of New York Mellon,2026-02-23
33742,0036P00318000000,36P318,2020-02-20,MG-20-000218,Pittsburgh,20,"",0,Deutsche Bank National Trust Company,2025-12-19
30088,0019L00136000000,0019L136,2020-01-09,MG-20-000034,Pittsburgh,20,Sheriff Return,83135.66,Home Point Financial Corporation,
39566,0041A00016000000,41A16,2025-08-22,MG-25-000732,Pittsburgh,20,"",112605.73,Wilmington Savings Fund Society FSB,2026-02-02
33999,0005P00087000000,5P87 000000,2022-12-07,MG-22-000966,Pittsburgh,20,"",71040.97,U.S. Bank National Trust Association,2022-12-28
34427,0020B00032000000,20B32,2022-08-25,MG-22-000619,Pittsburgh,20,"",46516.49,Bank of New York Mellon,2024-02-02
32444,0036C00028000000,36C28 000000,2022-08-31,MG-22-000647,Pittsburgh,20,"",112690.52,Citimortgage Inc.,2022-10-19
32895,0042L00150000000,42L150,2022-06-03,MG-22-000417,Pittsburgh,20,"",81447.88,Wilmington Savings Fund Society  FSB,2022-10-18
32510,0020L00043000000,20L43 000000,2022-09-01,MG-22-000653,Pittsburgh,20,"",58201.89,PNC Bank National Association,2022-12-02
31148,0042M00295000000,42M295,2022-01-18,GD-22-000665,Pittsburgh,20,Complaint,,Pennsylvania Housing Finance Agency,
40443,0041F00006000000,41F6,2026-02-06,MG-26-000102,Pittsburgh,20,"",0,Deutsche Bank National Trust Company,2026-02-26
35602,0041A00078000000,41A78,2023-07-27,MG-23-000684,Pittsburgh,20,"",0,Truist Bank,2023-09-18
40066,0063A00274000000,63A274,2025-06-27,MG-25-000524,Pittsburgh,20,"",216799.67,Selene Finance LP,2026-01-28
39802,0042L00152000000,42L152,2025-10-02,MG-25-000869,Pittsburgh,20,"",67344.83,Federal Home Loan Mortgage,2026-01-28
40064,0020R00072000000,20R72,2025-12-01,GD-25-012772,Pittsburgh,20,"",0,Silver Hill Capital LLC,2025-12-02
39189,0020S00063000000,20S63,2023-10-20,GD-23-012235,Pittsburgh,20,"",200110.97,Groundfloor Properties GA LLC,2025-08-25
39882,0020F00083000000,20F83,2025-10-29,MG-25-000936,Pittsburgh,20,"",0,Pennsylvania Housing Finance Agency,2026-01-29
39651,0070D00045000000,70D45,2025-09-08,MG-25-000778,Pittsburgh,20,"",60545.27,PNC Bank National Association,2026-02-20
36513,0045F00027000000,45F27,2024-01-25,GD-24-000989,Pittsburgh,20,"",149795.75,Commercial Lender LLC,2024-11-15
34192,0020L00047000000,20L47,2022-09-01,MG-22-000653,Pittsburgh,20,"",58201.89,PNC Bank National Association,2024-08-12
37930,0020P00022000000,20P22,2024-10-10,MG-24-000764,Pittsburgh,20,"",84610.93,Federal Home Loan Mortgage Corporation,2026-01-30
39842,0042L00247000000,42L247,2025-10-24,MG-25-000923,Pittsburgh,20,"",0,Rocket Mortgage LLC,2025-11-24
39889,0020F00080000000,20F80,2025-10-29,MG-25-000936,Pittsburgh,20,"",0,Pennsylvania Housing Finance Agency,2026-01-29
39302,0042G00194000000,42G194,2025-07-01,GD-25-007215,Pittsburgh,20,"",0,Selene Finance LP,2026-02-27
39885,0020F00086000000,20F86,2025-10-29,MG-25-000936,Pittsburgh,20,"",0,Pennsylvania Housing Finance Agency,2026-01-29
39489,0173N00288000A00,173N288 000A,2025-08-08,MG-25-000670,Pittsburgh,20,"",25842.99,U.S. Bank Trust Company National Association,2026-02-04
38563,0063F00049000000,63F49,2025-02-21,MG-25-000134,Pittsburgh,20,"",19284.83,Newrez LLC,2025-03-24
39907,0041B00138000000,41B138,2025-10-23,MG-25-000919,Pittsburgh,20,"",0,Pennsylvania Housing Finance Agency,2025-11-19
40129,"",715112,2025-12-22,GD-25-013766,Pittsburgh,20,"",0,Wilmington Trust National Association,2026-02-11
39266,0063A00274000000,63A274,2025-06-27,MG-25-000524,Pittsburgh,20,"",216799.67,Pennymac Loan Services LLC,2025-11-13
38549,0036J00106000000,36J106,2025-02-07,MG-25-000101,Pittsburgh,20,"",73707.74,PNC Bank National Association,2025-04-01
36361,0020P00174000000,20P174 000,2023-12-21,MG-23-001150,Pittsburgh,20,"",34159.16,Wells Fargo Bank N.A.,2025-01-14
34774,0071G00238000000,71G238,2021-10-01,MG-21-000174,Pittsburgh,20,"",0,Reverse Mortgage Funding LLC,2024-08-30
39923,0042H00270000000,42H270,2025-10-21,MG-25-000914,Pittsburgh,20,"",125882.35,First Commonwealth Bank,2025-11-10
35763,0019B00021000000,19B21,2023-09-18,MG-23-000852,Pittsburgh,20,"",0,Pennsylvania Housing Finance Agency,2023-10-19
37554,0042L00188000000,42L188,2024-08-16,MG-24-000628,Pittsburgh,20,"",32630.99,New Residential Mortgage LLC,2026-02-17
37221,0042E00122000000,42E122,2024-06-13,GD-24-006557,Pittsburgh,20,"",147566.38,CSMC 2022-NQM4 Trust,2024-08-28
31903,0042N00060000000,42N60,2022-06-17,MG-22-000453,Pittsburgh,20,"",71489.39,Babylon Capital LLC,2023-11-02
39414,0016F00132000000,16F132,2025-07-11,MG-25-000568,Pittsburgh,20,"",0,PNC Bank National Association,2026-01-22
39883,0042L00102000000,42L102,2025-10-20,GD-25-010929,Pittsburgh,20,"",131235.95,Citibank N.A.,2025-11-20
39884,0020F00084000000,20F84,2025-10-29,MG-25-000936,Pittsburgh,20,"",0,Pennsylvania Housing Finance Agency,2026-01-29
39109,0022E00257000000,22E257,2025-05-08,GD-25-005008,Pittsburgh,21,"",244430.64,Groundfloor Properties GA LLC,2025-06-29
35191,0007C00147000000,7C147,2023-05-16,MG-23-000474,Pittsburgh,21,"",32433.34,Towd Point Mortgage Trust 2018-3,2025-09-24
38093,0022P00003000000,22P3,2024-11-22,GD-24-013691,Pittsburgh,21,"",192701.84,U.S. Bank National Association,2026-01-29
36587,0022L00105000000,22L105,2024-02-20,GD-24-001920,Pittsburgh,21,"",92608.35,Wilmington Trust N.A.,2024-12-17
38057,0022P00291000000,22P291,2024-11-15,MG-24-000859,Pittsburgh,21,"",81152.91,Wells Fargo Bank N.A.,2025-01-29
39319,0007B00346000000,7B346,2025-02-03,MG-25-000087,Pittsburgh,21,"",123314.86,Arugula Funding Titling Trust,2025-07-16
40126,0022E00279000000,22E279,2025-12-19,GD-25-013598,Pittsburgh,21,"",406476.59,Wilmington Trust N.A.,2026-01-22
38290,0045P00018000000,45P18,2024-12-30,MG-24-000990,Pittsburgh,21,"",0,Pennsylvania Housing Finance Agency,2025-01-23
38947,0022F00243000000,22F243,2025-04-02,GD-25-003635,Pittsburgh,21,"",40639.63,Wells Fargo Bank N.A.,2025-11-05
32894,0022P00182000000,22P182,2022-08-31,MG-22-000638,Pittsburgh,21,"",85389.2,Wells Fargo Bank National Association,2023-10-09
38940,0022F00244000000,22F244,2025-04-02,GD-25-003635,Pittsburgh,21,"",40639.63,Wells Fargo Bank N.A.,2025-11-05
38438,0045P00099000000,45P99,2025-01-21,MG-25-000046,Pittsburgh,21,"",76537.16,Wells Fargo Bank National Association,2025-07-15
30287,0022R00153000000,0022R00153 000000,2020-02-18,MG-20-000207,Pittsburgh,21,Complaint,0,Midfirst Bank,
39352,0045P00019000000,45P19,2025-07-09,MG-25-000553,Pittsburgh,21,"",51156.39,Neighborhood Community Development Fund,2025-07-22
30727,0022R00203000000,22R203,2021-02-22,MG-21-000040,Pittsburgh,21,Complaint,102960.34,Bank of New York Mellon,
37128,0232C00154000000,232C154,2024-05-29,MG-24-000408,Pittsburgh,21,"",21938.64,PNC Bank National Association,2024-07-11
38606,0124E00322000000,124E322,2025-01-31,MG-25-000082,Pittsburgh,21,"",0,Nationstar Mortgage LLC,2025-08-07
37796,0007B00284000000,7B284,2024-10-04,GD-24-011054,Pittsburgh,21,"",280052.44,EF Mortgage LLC,2025-04-28
34086,0022B00294000000,22B294,2022-10-28,MG-22-000840,Pittsburgh,21,"",37940.68,Keybank NA,2024-02-16
33227,0022L00220000000,22L220,2021-04-13,GD-21-003746,Pittsburgh,21,"",0,First National Bank of Pennsylvania,2022-11-01
36881,0022R00309000000,22R309,2024-04-09,MG-24-000268,Pittsburgh,21,"",0,U.S. Bank Trust National Association,2025-06-26
40372,0022F00235000000,22F235,2026-02-17,GD-26-001757,Pittsburgh,21,"",0,Empire State Certified Development Corporation,2026-02-18
40019,0022E00318000000,22E318,2025-11-21,GD-25-012512,Pittsburgh,21,"",381983.97,Wilmington Trust N.A.,2025-12-22
39368,0022P00291000000,22P291,2025-07-10,MG-25-000563,Pittsburgh,21,"",83482.07,Wells Fargo Bank N.A.,2025-08-10
38296,0045P00019000000,45P19,2024-12-30,MG-24-000990,Pittsburgh,21,"",0,Pennsylvania Housing Finance Agency,2025-01-23
39615,0007C00022000000,7C22,2025-08-13,MG-25-000686,Pittsburgh,21,"",42304.77,U.S. Bank Trust National Association,2026-01-12
30767,0022L00220000000,22L220,2021-04-13,GD-21-003746,Pittsburgh,21,Acceptance of Service,0,First National Bank of Pennsylvania,
33668,0022B00294000000,22B294 000000,2022-10-28,MG-22-000840,Pittsburgh,21,"",37940.68,Keybank NA,2022-12-12
32902,0045P00102000000,45P102,2022-01-26,MG-22-000056,Pittsburgh,21,"",,Pennymac Loan Services LLC,2024-12-10
39350,0022E00312000000,22E312,2025-07-22,GD-25-008003,Pittsburgh,21,"",219311.58,Secured Investment High Yield Fund II LLC,2026-02-19
32496,0022K00008000000,22K8,2022-06-07,MG-22-000425,Pittsburgh,21,"",28075.83,First National Bank of Pennsylvania,2023-05-16
37161,0022K00400000000,22K400,2024-05-03,MG-24-000340,Pittsburgh,21,"",35912.86,Citizens Bank N.A.,2026-02-26
31631,0022K00008000000,22K8,2022-06-07,MG-22-000425,Pittsburgh,21,Sheriff Return,28075.83,First National Bank of Pennsylvania,
31828,0022P00003000000,22P3,2022-08-17,MG-22-000601,Pittsburgh,21,Complaint,208019.96,U.S. Bank National Association,
33388,0298G00064000000,298G64,2020-10-29,GD-20-011226,Pittsburgh,21,"",212897.04,U.S. Bank National Association,2022-11-01
38150,0022P00055000000,22P55,2024-12-03,MG-24-000900,Pittsburgh,21,"",79767.85,Wesbanco Bank Inc.,2025-05-16
30566,0298G00064000000,298G064,2020-10-29,GD-20-011226,Pittsburgh,21,Complaint,212897.04,U.S. Bank National Association,
33407,0022R00203000000,22R203,2021-02-22,MG-21-000040,Pittsburgh,21,"",102960.34,Bank of New York Mellon,2025-06-10
31211,0045P00102000000,45P102,2022-01-26,MG-22-000056,Pittsburgh,21,Complaint,,Pennymac Loan Services LLC,
33949,0022P00155000000,22P155,2022-12-19,MG-22-001018,Pittsburgh,21,"",0,Wells Fargo Bank National Association,2023-10-03
32255,0022P00003000000,22P3,2022-08-17,MG-22-000601,Pittsburgh,21,"",208019.96,U.S. Bank National Association,2023-04-17
38697,0022S00025000000,22S25,2025-03-18,GD-25-002894,Pittsburgh,21,"",579037.16,Wilmington Savings Fund Society FSB,2025-10-06
38482,0007B00346000000,7B346,2025-02-03,MG-25-000087,Pittsburgh,21,"",123314.86,CSMC 2021-JR1 Trust,2025-06-18
39613,0007B00346000000,7B346,2025-02-03,MG-25-000087,Pittsburgh,21,"",123314.86,Wilmington Savings Fund Society FSB,2025-12-19
36370,0007C00019000000,7C19,2023-12-26,MG-23-001156,Pittsburgh,21,"",17761.54,Towd Point Mortgage Trust 2020-4,2026-01-08
35927,0023L00155000000,23L155,2023-10-16,MG-23-000945,Pittsburgh,22,"",0,HMC Assets LLC,2024-04-25
32394,"","",2022-06-07,GD-22-006962,Pittsburgh,22,"",116593.67,Toorak Capital Partners LLC,2023-04-12
36730,0022S00137000000,22S137,2023-01-25,MG-23-000072,Pittsburgh,22,"",256338.09,DLJ Mortgage Capital Inc.,2024-06-25
31592,"",NONE,2022-06-07,GD-22-006962,Pittsburgh,22,Complaint,116593.67,Toorak Capital Partners LLC,
39870,0023L00212000000,23L212,2025-10-28,MG-25-000934,Pittsburgh,22,"",328758.38,CrossCountry Mortgage LLC,2026-02-20
37530,0023L00155000000,23L155,2023-10-16,MG-23-000945,Pittsburgh,22,"",0,U.S. Bank Trust National Association,2026-02-19
34260,0022S00137000000,22S137,2023-01-25,MG-23-000072,Pittsburgh,22,"",256338.09,Select Portfolio Servicing Inc.,2024-02-28
38858,0023N00066000000,23N66,2025-03-31,GD-25-003549,Pittsburgh,22,"",1101680.09,MMG Investments VI LLC,2026-02-17
39115,0023K00418000001,23K418 00001,2025-05-29,GD-25-005885,Pittsburgh,22,"",1058344.8,Wilmington Savings Fund Society FSB,2026-01-16
37139,0023K00277000000,23K277,2024-05-30,MG-24-000412,Pittsburgh,22,"",224719.31,Dollar Bank Federal Savings Bank,2025-05-27
38012,0024J00383000000,24J383,2024-11-01,GD-24-012429,Pittsburgh,23,"",0,West-Aircomm FCU,2026-02-02
39556,0024J00502000000,24J502,2025-08-12,GD-25-008671,Pittsburgh,23,"",379432.69,West-Aircomm FCU,2026-02-02
38499,0024J00031000000,24J31,2025-02-05,GD-25-001323,Pittsburgh,23,"",308239.56,Kiavi Funding Inc.,2025-04-01
38028,0024J00384000000,24J384,2024-11-01,GD-24-012429,Pittsburgh,23,"",0,West-Aircomm FCU,2026-02-02
35120,0023M00136000000,23M136,2023-01-17,MG-23-000037,Pittsburgh,23,"",17794.93,Ravikoppp LLC,2024-05-07
39555,0024J00501000000,24J501,2025-08-12,GD-25-008671,Pittsburgh,23,"",379432.69,West-Aircomm FCU,2026-02-02
37047,0024N00303000000,24N303,2024-04-30,MG-24-000333,Pittsburgh,23,"",293629.34,Wells Fargo Bank N.A.,2024-05-13
38780,0024K00232000000,24K232,2024-11-15,MG-24-000861,Pittsburgh,23,"",0,Deutsche Bank National Trust Company,2025-04-25
37044,0024F00086000000,24F86,2024-05-09,GD-24-005305,Pittsburgh,23,"",659173.38,U.S. Bank Trust N.A.,2025-05-22
34136,0023M00136000000,23M136,2023-01-17,MG-23-000037,Pittsburgh,23,"",17794.93,CWS Investments Inc.,2023-04-12
39550,0024J00503000000,24J503,2025-08-12,GD-25-008671,Pittsburgh,23,"",379432.69,West-Aircomm FCU,2026-02-02
40073,0088A00084000000,88A84,2025-12-08,MG-25-001028,Pittsburgh,23,"",90480.47,Keybank National Association,2026-02-25
33735,0023M00136000000,23M136,2022-03-31,MG-22-000259,Pittsburgh,23,"",,PLS Specialty Investments LLC,2022-11-29
40397,0024K00232000000,24K232,2026-02-19,MG-26-000145,Pittsburgh,23,"",75464.02,Deutsche Bank National Trust Company,2026-02-20
35070,0024K00353000000,24K353,2023-04-03,MG-23-000316,Pittsburgh,23,"",119246.39,JMPMFM Enterprises Limited Partnership,2025-07-25
30035,0024R00006000000,24R6,2020-01-16,GD-20-000856,Pittsburgh,23,Complaint,2543351.88,Bridgeway Capital Inc.,
36438,0023S00349000000,23S349,2024-01-19,MG-24-000048,Pittsburgh,23,"",0,Huntington National Bank,2025-02-24
38011,0024J00382000000,24J382,2024-11-01,GD-24-012429,Pittsburgh,23,"",0,West-Aircomm FCU,2026-02-02
37076,0023S00280000000,23S280,2024-05-20,MG-24-000386,Pittsburgh,23,"",137954.75,Farmers National Bank of Canfield,2024-06-21
39544,0024J00500000000,24J500,2025-08-12,GD-25-008671,Pittsburgh,23,"",379432.69,West-Aircomm FCU,2026-02-02
38055,0024K00232000000,24K232 0000,2024-11-15,MG-24-000861,Pittsburgh,23,"",0,Deutsche Bank National Trust Company,2024-12-10
30038,0024R00002000000,24R2,2020-01-16,GD-20-000856,Pittsburgh,23,Complaint,2543351.88,Bridgeway Capital Inc.,
30036,0024R00004000000,24R4,2020-01-16,GD-20-000856,Pittsburgh,23,Complaint,2543351.88,Bridgeway Capital Inc.,
36038,0023S00349000B00,23S349 000B00,2023-10-31,MG-23-000996,Pittsburgh,23,"",0,Huntington National Bank,2025-02-19
38493,0024N00092000A00,24N92 A,2025-02-05,GD-25-001318,Pittsburgh,23,"",159719.24,LHome Mortgage Trust 2023-RTL1,2025-04-21
30037,0024R00028000000,24R28,2020-01-16,GD-20-000856,Pittsburgh,23,Complaint,2543351.88,Bridgeway Capital Inc.,
32417,0047M00211000000,47M211,2021-03-25,GD-21-002846,Pittsburgh,24,"",54053.47,U.S. Bank National Association,2023-05-09
32110,0024F00362000000,24F362,2022-06-30,MG-22-000489,Pittsburgh,24,"",53752.65,U.S. Bank National Association,2024-12-09
31889,0014F00287000000,14F287,2022-06-28,MG-22-000482,Pittsburgh,24,"",183236.51,Desert Capital Trust,2024-01-22
40295,0047R00183000000,47R183,2026-01-09,MG-26-000020,Pittsburgh,24,"",0,Finance of America Reverse LLC,2026-02-24
38748,0024C00061000000,24C61,2024-10-29,GD-24-012205,Pittsburgh,24,"",97441.57,U.S. Bank Trust Company National Association,2026-02-20
40403,0048E00192000000,48E192,2026-01-31,MG-26-000084,Pittsburgh,24,"",0,Pennsylvania Housing Finance Agency,2026-02-23
36503,0024B00229000000,24B229,2024-01-17,GD-24-000634,Pittsburgh,24,"",144876.39,FTF Lending LLC,2024-03-04
37252,0048B00054000000,48B54 0000,2024-06-18,MG-24-000450,Pittsburgh,24,"",0,Bank of New York Mellon,2024-07-19
40136,0024C00152000000,24C152,2025-12-18,GD-25-013585,Pittsburgh,24,"",157750.71,EF Mortgage LLC,2026-02-02
35455,0048B00054000000,48B54,2023-08-15,MG-23-000745,Pittsburgh,24,"",23858.01,Bank of New York Mellon,2023-10-30
38092,0024B00229000000,24B229,2024-01-17,GD-24-000634,Pittsburgh,24,"",144876.39,Reigo by Meitav Dash US Investments LLC,2026-02-24
31864,0024F00053000000,24F53,2022-04-01,MG-22-000260,Pittsburgh,24,"",,Lugasi Avraham,2022-09-01
31863,0024F00052000000,24F52,2022-04-01,MG-22-000260,Pittsburgh,24,"",,Lugasi Avraham,2022-09-01
39734,0024B00353000000,24B353,2025-09-03,MG-25-000768,Pittsburgh,24,"",60416.17,Huntington National Bank,2026-02-25
38958,0024A00165000000,24A165,2024-11-07,GD-24-012718,Pittsburgh,24,"",0,U.S. Bank Trust Company National Association,2026-02-20
31688,0014F00287000000,14F287,2022-06-28,MG-22-000482,Pittsburgh,24,Exhibits,183236.51,Desert Capital Trust,
31539,0024D00136000000,24D136,2022-05-09,MG-22-000347,Pittsburgh,24,Order of Court,0,Guenther Marisa,
31448,0024F00053000000,24F53,2022-04-01,MG-22-000260,Pittsburgh,24,Complaint,,Lugasi Avraham,
31447,0024F00052000000,24F52,2022-04-01,MG-22-000260,Pittsburgh,24,Complaint,,Lugasi Avraham,
35599,0024D00136000000,24D136,2022-05-09,MG-22-000347,Pittsburgh,24,"",0,Guenther Marisa,2025-08-12
37617,0047R00329000000,47R329,2024-08-06,MG-24-000603,Pittsburgh,24,"",0,CIM Trust 2023-R1,2026-01-29
37925,0024C00061000000,24C61 0000,2024-10-29,GD-24-012205,Pittsburgh,24,"",97441.57,U.S. Bank Trust Company National Association,2024-11-29
39477,0047S00210000000,47S210,2025-08-05,MG-25-000655,Pittsburgh,24,"",64577.18,U.S. Bank National Association,2025-12-30
30739,0047M00211000000,47M211,2021-03-25,GD-21-002846,Pittsburgh,24,Complaint,54053.47,Nationstar Mortgage LLC,
39547,0024K00363000000,24K363,2025-08-22,GD-25-009031,Pittsburgh,24,"",4814550.15,First Commonwealth Bank,2026-02-03
39548,0024K00369000000,24K369,2025-08-22,GD-25-009031,Pittsburgh,24,"",4814550.15,First Commonwealth Bank,2026-02-03
39560,0024K00359000000,24K359,2025-08-22,GD-25-009031,Pittsburgh,24,"",4814550.15,First Commonwealth Bank,2026-02-03
30530,0048F00031000000,048F031,2020-09-24,GD-20-010174,Pittsburgh,24,Sheriff Return,41636.62,Deutsche Bank Trust Company,
30472,0024H00034000000,024H034,2020-04-29,MG-20-000368,Pittsburgh,24,Complaint,236807.19,U.S. Bank National Association,
39824,"","",2025-10-22,MG-25-000915,Pittsburgh,24,"",0,Freedom Mortgage Corporation,2025-12-03
37061,0024A00324000000,24A324,2024-05-06,MG-24-000342,Pittsburgh,24,"",89705.61,U.S. Bank Trust National Association,2024-06-14
38029,0024A00165000000,24A165 0000,2024-11-07,GD-24-012718,Pittsburgh,24,"",0,U.S. Bank Trust Company National Association,2024-12-08
40309,0024G00062000000,24G62,2026-01-27,MG-26-000061,Pittsburgh,24,"",0,Wesbanco Bank Inc.,2026-01-29
35332,0048F00031000000,48F31,2023-05-12,MG-23-000460,Pittsburgh,24,"",43710.01,Deutsche Bank Trust Company Americas,2024-12-17
39844,0024F00356000000,24F356,2025-10-24,MG-25-000922,Pittsburgh,24,"",45750.46,Pennsylvania State Employees Credit Union,2026-02-13
37636,0048J00117000000,48J117,2024-08-05,MG-24-000597,Pittsburgh,24,"",36064.81,Bank of New York Mellon Trust Company National Association,2024-11-07
39070,0048B00054000000,48B54,2025-05-05,GD-25-004842,Pittsburgh,24,"",30425.44,Bank of New York Mellon,2026-02-04
34079,0046P00027000000,46P27,2023-01-10,MG-23-000021,Pittsburgh,25,"",149677.57,Finance of America Commercial LLC,2024-09-13
35508,0023E00120000000,23E120,2023-07-21,MG-23-000672,Pittsburgh,25,"",62274.15,Bank of New York Mellon,2024-10-10
37916,0046P00027000000,46P27,2023-01-10,MG-23-000021,Pittsburgh,25,"",149677.57,U.S. Bank Trust National Association,2026-01-14
37239,0023G00121000000,23G121,2021-03-01,GD-21-001713,Pittsburgh,25,"",0,Amos Financial LLC,2024-08-27
35510,0046P00028000000,46P28,2023-08-21,GD-23-009954,Pittsburgh,25,"",0,LNV Corporation,2024-12-05
37858,0046N00035000000,46N35,2024-10-21,MG-24-000785,Pittsburgh,25,"",24931.3,Chrome Federal Credit Union,2026-02-16
30265,0023C00151000000,023C151,2020-02-13,MG-20-000183,Pittsburgh,25,Complaint,0,Lakeview Loan Servicing LLC,
30260,0046R00015000000,0046R00015 000000,2020-02-12,MG-20-000178,Pittsburgh,25,Complaint,0,Fifth Third Bank National Association,
33841,0023E00337000000,23E337,2022-12-13,MG-22-000997,Pittsburgh,25,"",21431.45,Nationstar Mortgage LLC,2023-01-24
36691,0023E00187000000,23E187,2024-03-01,GD-24-002368,Pittsburgh,25,"",290903.97,Lakeview Loan Servicing LLC,2024-07-12
31558,0046P00190000000,46P190 000000,2022-05-11,MG-22-000366,Pittsburgh,25,Praecipe for Appearance,,U.S. Bank National Association,
37658,0047K00245000000,47K245,2024-09-05,GD-24-009874,Pittsburgh,25,"",7736.47,U.S. Bank Trust National Association,2025-03-19
37087,0046P00010000000,46P10,2024-05-02,MG-24-000338,Pittsburgh,25,"",0,U.S. Bank National Association,2024-05-22
32391,0046R00015000000,0046R00015,2020-02-12,MG-20-000178,Pittsburgh,25,"",0,Fifth Third Bank National Association,2022-12-21
32141,0046P00190000000,46P190 000000,2022-05-11,MG-22-000366,Pittsburgh,25,"",,U.S. Bank National Association,2022-12-19
33524,0023D00020000000,23D20,2022-04-29,MG-22-000329,Pittsburgh,25,"",59234.31,Wilmington Savings Fund Society FSB,2023-05-24
37092,0046P00009000000,46P9,2024-05-02,MG-24-000338,Pittsburgh,25,"",0,U.S. Bank National Association,2024-05-22
32072,0023F00406000000,0023F00406,2021-07-20,MG-21-000121,Pittsburgh,25,"",26400.34,Trinity Financial Services LLC,2022-09-13
34721,0046R00015000000,46R15,2020-02-12,MG-20-000178,Pittsburgh,25,"",0,Fifth Third Bank National Association,2023-03-17
37537,0023F00182000000,23F182,2024-08-12,GD-24-008973,Pittsburgh,25,"",8079.16,U.S. Bank Trust National Association,2026-02-19
36641,0023J00079000000,23J79,2023-09-21,MG-23-000877,Pittsburgh,25,"",105696.54,U.S. Bank Trust National Association,2025-03-05
30884,0023F00406000000,0023F00406 000000,2021-07-20,MG-21-000121,Pittsburgh,25,Complaint,26400.34,Trinity Financial Services LLC,
30451,0023B00200000000,23B200,2020-04-16,GD-20-005113,Pittsburgh,25,Complaint,98086.43,UMB Bank National Association,
35789,0023J00079000000,23J79,2023-09-21,MG-23-000877,Pittsburgh,25,"",105696.54,Specialized Loan Servicing LLC,2024-01-05
34105,0023F00406000000,23F406,2021-07-20,MG-21-000121,Pittsburgh,25,"",26400.34,Trinity Financial Services LLC,2025-10-07
34197,0046P00190000000,46P190,2022-05-11,MG-22-000366,Pittsburgh,25,"",,U.S. Bank National Association,2024-02-16
39595,0023E00120000000,23E120,2025-08-27,MG-25-000747,Pittsburgh,25,"",28775.67,Bank of New York Mellon,2026-02-23
30732,0023G00121000000,23G121,2021-03-01,GD-21-001713,Pittsburgh,25,Answer and New Matter,0,Amos Financial LLC,
36486,0046P00270000000,46P270,2024-01-25,MG-24-000062,Pittsburgh,25,"",17429.46,Dollar Bank Federal Savings Bank,2025-08-26
35964,0023E00292000000,23E292,2023-10-24,MG-23-000972,Pittsburgh,25,"",128866.49,S&T Bank,2024-08-06
30282,0046P00249000000,46P249,2020-02-17,MG-20-000202,Pittsburgh,25,Complaint,67718.65,Freedom Mortgage Corporation,
39962,0046P00365000000,46P365,2025-11-13,GD-25-012099,Pittsburgh,25,"",24829.69,U.S. Bank Trust Company National Association,2026-01-15
40103,0023G00110000000,23G110,2025-12-16,GD-25-013483,Pittsburgh,25,"",327907.09,FTF Lending LLC,2026-02-25
35975,0023C00151000000,23C151,2023-10-25,MG-23-000976,Pittsburgh,25,"",182765.16,Lakeview Loan Servicing LLC,2024-01-04
36555,0023C00186000000,23C186,2024-02-08,MG-24-000094,Pittsburgh,25,"",41148.33,Wells Fargo Bank N.A.,2024-08-20
33662,0046B00044000000,46B44,2022-11-21,GD-22-014340,Pittsburgh,26,"",0,Reverse Mortgage Funding LLC,2023-02-14
30891,0077F00101000000,77F101,2021-08-02,GD-21-008935,Pittsburgh,26,Sheriff Return,0,U.S. Bank National Association,
31868,0116N00082000000,116N82,2022-09-01,MG-22-000650,Pittsburgh,26,"",16180.5,Jeannette S. Sasser Living Trust,2024-06-24
39533,0078R00078000000,78R78,2025-08-19,MG-25-000708,Pittsburgh,26,"",0,First National Bank of Pennsylvania,2026-02-11
31573,0047K00245000000,47K245,2022-05-17,MG-22-000380,Pittsburgh,26,Complaint,24113.52,Wells Fargo Bank N.A.,
31908,0115H00311000000,115H311,2022-02-21,MG-22-000110,Pittsburgh,26,"",,Bank of America N.A.,2023-03-03
40166,0047G00107000000,47G107,2025-12-24,GD-25-013891,Pittsburgh,26,"",207069.77,Amerihome Mortgage Company LLC,2026-01-21
35072,0116L00247000000,116L247,2023-04-26,MG-23-000388,Pittsburgh,26,"",30904.63,U.S. Bank National Association,2024-02-08
34777,0116A00195000000,116A195,2023-01-31,MG-23-000098,Pittsburgh,26,"",26260.79,First American Trust LLC,2024-02-15
40408,0078L00255000000,78L255,2026-02-20,MG-26-000151,Pittsburgh,26,"",0,PNC Bank National Association,2026-02-23
36761,0077P00233000000,77P233,2024-03-26,GD-24-003515,Pittsburgh,26,"",2952.06,Wells Fargo Bank N.A.,2024-05-23
31800,0077P00006000000,77P6 000000,2022-08-04,MG-22-000572,Pittsburgh,26,Praecipe to Reinstate,46929.47,Wilmington Savings Fund Society Fsb,
38529,0046G00050000000,46G50,2025-02-14,MG-25-000119,Pittsburgh,26,"",0,Midfirst Bank,2025-04-23
33022,0077S00137000000,77S137,2022-10-05,MG-22-000765,Pittsburgh,26,"",30662.78,Nationstar Mortgage LLC,2024-03-21
33169,0077B00213000000,0077B00213,2021-01-11,MG-21-000007,Pittsburgh,26,"",36597.53,MFT RE Holdings LLC,2022-11-01
37882,0077N00102000000,77N102,2024-10-23,GD-24-011943,Pittsburgh,26,"",346422.47,Infinity Capital Income Fund LLC,2025-01-17
38740,0163F00297000000,163F297,2025-03-26,MG-25-000246,Pittsburgh,26,"",0,Huntington National Bank,2025-06-10
34073,0046G00238000000,46G238,2023-01-10,MG-23-000019,Pittsburgh,26,"",62648.26,Rocket Mortgage LLC,2024-12-17
39727,0012J00420000000,12J420,2025-09-26,MG-25-000849,Pittsburgh,26,"",0,Mortgage Research Center LLC,2026-01-05
33672,0077J00008000000,77J8,2021-08-09,MG-21-000133,Pittsburgh,26,"",103450.21,Argolica LLC,2023-03-31
34963,0115H00311000000,115H311,2022-02-21,MG-22-000110,Pittsburgh,26,"",,Carrington Mortgage Services LLC,2023-10-30
31424,0077F00191000000,77F191,2022-03-29,MG-22-000241,Pittsburgh,26,Complaint,,NDF1 LLC,
38298,0162P00145000000,162P145,2024-12-31,MG-24-001000,Pittsburgh,26,"",0,"Lakeview Loan Servicing, LLC",2024-12-31
34240,0115B00217000000,115B217,2022-10-14,GD-22-012911,Pittsburgh,26,"",0,Keybank NA,2024-02-21
35668,0163F00136000000,163F136,2023-08-08,MG-23-000724,Pittsburgh,26,"",0,Truist Bank,2024-05-13
37468,0116E00215000000,116E215,2024-07-29,GD-24-008356,Pittsburgh,26,"",107212.33,U.S. Bank National Association,2024-08-21
31879,0162K00360000000,162K360,2021-11-16,MG-21-000226,Pittsburgh,26,"",0,Pennsylvania Housing Finance Agency,2022-09-01
31340,0116J00059000000,116J59 000000,2022-03-09,MG-22-000158,Pittsburgh,26,Affidavit of Service,0,Allegent Community Federal Credit Union,
32342,0115B00221000000,115B221,2021-12-07,MG-21-000254,Pittsburgh,26,"",,Newrez LLC,2022-11-28
38605,0162P00145000000,162P145,2024-12-31,MG-24-001000,Pittsburgh,26,"",0,Lakeview Loan Servicing LLC,2025-03-11
31277,0115H00311000000,115H311,2022-02-21,MG-22-000110,Pittsburgh,26,Complaint,,Bank of America N.A.,
30377,0045S00092000000,45S92,2020-03-06,MG-20-000279,Pittsburgh,26,Order of Court,53655.85,Homecoming Property LLC,
36620,0115S00100000000,115S100,2024-02-26,GD-24-002118,Pittsburgh,26,"",716118.75,Huntington National Bank,2024-03-08
39167,0046K00327000000,46K327,2025-06-11,GD-25-006369,Pittsburgh,26,"",201074.07,Metropolitan Tower Life Insurance Company,2026-02-26
37794,0162R00026000000,162R26,2024-10-04,GD-24-011042,Pittsburgh,26,"",100142.04,MCLP Asset Company Inc.,2025-07-31
35751,0078L00255000000,78L255,2023-09-15,MG-23-000849,Pittsburgh,26,"",0,PNC Bank National Association,2024-01-02
30573,0047K00112000000,47K112,2020-10-08,MG-20-000400,Pittsburgh,26,Complaint,0,Trinity Financial Services LLC,
35090,0047M00005000000,47M5,2023-04-13,MG-23-000346,Pittsburgh,26,"",50800.54,Newrez LLC,2023-05-17
30031,0116A00195000000,0116A00195,2020-01-14,GD-20-000720,Pittsburgh,26,Sheriff Return,29102.35,First American Trust LLC,
31206,0116J00148000000,116J148,2022-01-25,MG-22-000052,Pittsburgh,26,Complaint,,Reverse Mortgage Funding LLC,
34750,0116G00258000000,116G258,2023-03-20,MG-23-000264,Pittsburgh,26,"",60833.13,Keybank NA,2024-12-05
32867,0115B00217000000,115B217 000000,2022-10-14,GD-22-012911,Pittsburgh,26,"",0,Keybank NA,2022-12-22
32191,0045S00092000000,45S92,2020-03-06,MG-20-000279,Pittsburgh,26,"",53655.85,Homecoming Property LLC,2022-09-19
37831,0163F00100000000,163F100,2024-10-07,MG-24-000752,Pittsburgh,26,"",0,Keybank N.A,2024-11-14
32023,0077F00191000000,77F191,2022-03-29,MG-22-000241,Pittsburgh,26,"",,NDF1 LLC,2022-11-01
32039,0077P00006000000,77P6 000000,2022-08-04,MG-22-000572,Pittsburgh,26,"",46929.47,Wilmington Savings Fund Society Fsb,2022-11-01
33345,0163A00040000000,163A40,2021-09-28,GD-21-011894,Pittsburgh,26,"",22538.81,Citizens Bank N.A.,2022-11-01
35818,0115H00221000000,115H221,2023-09-26,MG-23-000885,Pittsburgh,26,"",0,Citizens Bank N.A.,2023-11-16
38449,0116A00275000000,116A275,2025-01-21,MG-25-000047,Pittsburgh,26,"",37270.98,Citizens Bank N.A.,2025-10-23
31095,0115B00221000000,115B221,2021-12-07,MG-21-000254,Pittsburgh,26,Complaint,,Newrez LLC,
38759,0046G00137000000,46G137,2025-03-20,MG-25-000236,Pittsburgh,26,"",35695.08,Dollar Bank Federal Savings Bank,2026-02-09
40307,0162R00265000000,162R265,2026-01-27,MG-26-000063,Pittsburgh,26,"",161668.99,M&T Bank,2026-02-10
34837,0116J00329000000,116J329,2023-03-28,MG-23-000302,Pittsburgh,26,"",55346.08,First National Bank of Pennsylvania,2023-05-25
30125,0115D00147000000,0115D147,2020-01-21,MG-20-000070,Pittsburgh,26,Sheriff Return,2804.38,Wilmington Savings Fund Society FSB,
30256,0046F00111000000,0046F111,2020-02-11,MG-20-000174,Pittsburgh,26,Complaint,50316.81,U.S. Bank National Association,
34229,0116A00195000000,116A195,2020-01-14,GD-20-000720,Pittsburgh,26,"",29102.35,First American Trust LLC,2023-01-24
31051,0162K00360000000,162K360,2021-11-16,MG-21-000226,Pittsburgh,26,Complaint,0,Pennsylvania Housing Finance Agency,
30182,0115H00221000000,115H221,2020-01-31,MG-20-000125,Pittsburgh,26,Complaint,165252.74,Citizens Bank NA,
35390,0077N00225000000,77N225,2023-07-03,GD-23-008129,Pittsburgh,26,"",24133.57,New Residential Mortgage Loan Trust 2017-4,2024-02-08
30673,0077B00213000000,0077B00213 000000,2021-01-11,MG-21-000007,Pittsburgh,26,Complaint,36597.53,MFT RE Holdings LLC,
36190,0116J00301000000,116J301,2023-11-09,MG-23-001025,Pittsburgh,26,"",0,Rocket Mortgage LLC,2023-11-22
30972,0077K00011000000,77K11,2021-10-21,GD-21-013033,Pittsburgh,26,Exhibits,27516.13,Citizens Bank N.A.,
36189,0163F00212000000,163F212,2023-11-21,MG-23-001057,Pittsburgh,26,"",94897.86,PNC Bank National Association,2024-06-09
39745,0046J00249000000,46J249,2025-09-29,MG-25-000854,Pittsburgh,26,"",25471.89,Citizens Bank N.A.,2025-12-17
31960,0116J00148000000,116J148,2022-01-25,MG-22-000052,Pittsburgh,26,"",,Reverse Mortgage Funding LLC,2023-05-15
31853,0046G00195000000,46G195,2022-08-29,MG-22-000626,Pittsburgh,26,Complaint,39912.35,Freedom Mortgage Corporation,
30943,0163A00040000000,163A40,2021-09-28,GD-21-011894,Pittsburgh,26,Complaint,22538.81,Citizens Bank N.A.,
34026,0078R00078000000,78R78,2023-01-03,MG-23-000004,Pittsburgh,26,"",39875.43,First National Bank of Pennsylvania,2025-06-16
39399,0115H00221000000,115H221,2025-07-17,MG-25-000593,Pittsburgh,26,"",180370.72,Citizens Bank N.A.,2026-02-24
30912,0077J00008000000,77J8,2021-08-09,MG-21-000133,Pittsburgh,26,Complaint,103450.21,Argolica LLC,
37827,0116J00056000000,116J56,2024-10-04,MG-24-000746,Pittsburgh,26,"",106610.37,Citizens Bank N.A.,2024-12-09
32991,0047L00158000000,47L158,2022-10-24,MG-22-000810,Pittsburgh,26,"",0,Keybank National Association,2023-05-18
33939,0116A00195000000,116A195,2022-12-05,MG-22-000955,Pittsburgh,26,"",45171.01,U.S. Bank Trust National Association,2024-09-16
32460,0429F00243000000,429F243,2022-09-01,MG-22-000649,Pittsburgh,26,"",65852.73,Fifth Third Bank National Association,2022-11-21
31873,0077K00011000000,77K11,2021-10-21,GD-21-013033,Pittsburgh,26,"",27516.13,Citizens Bank N.A.,2022-09-01
36668,0116A00194000000,116A194,2024-03-05,MG-24-000162,Pittsburgh,26,"",0,Bank of New York Mellon,2025-04-02
36616,0115S00098000000,115S98,2024-02-26,MG-24-000140,Pittsburgh,26,"",716118.75,Huntington National Bank,2024-03-08
37441,0046H00054000000,46H54,2024-07-05,GD-24-007262,Pittsburgh,26,"",41145.44,Bank Of New York Mellon,2025-12-03
33238,0046J00239000000,46J239,2022-08-30,MG-22-000633,Pittsburgh,26,"",22825.15,Lakeview Loan Servicing LLC,2024-06-06
36984,0077S00137000000,77S137,2022-10-05,MG-22-000765,Pittsburgh,26,"",30662.78,U.S. Bank Trust National Association,2026-01-06
35449,0115H00070000000,115H70,2023-08-15,MG-23-000749,Pittsburgh,26,"",93395.54,U.S. Bank Trust Company,2024-02-14
39728,0077N00058000000,77N58,2025-09-26,MG-25-000852,Pittsburgh,26,"",0,Bank of New York Mellon,2025-12-26
33674,0046G00195000000,46G195,2022-08-29,MG-22-000626,Pittsburgh,26,"",39912.35,Freedom Mortgage Corporation,2024-02-14
36221,0115D00252000000,115D252,2023-11-08,GD-23-012950,Pittsburgh,26,"",107313.66,LHome Mortgage Trust 2021-RTL1,2024-06-09
35545,0046F00218000000,46F218,2023-06-16,GD-23-007510,Pittsburgh,26,"",114857.35,Wesbanco Bank Inc.,2024-02-15
37902,0046B00142000000,46B142,2024-10-28,MG-24-000805,Pittsburgh,26,"",10536.22,CSMC 2021-RPL8 Trust,2025-11-21
34241,0046E00209000000,46E209,2023-01-24,MG-23-000064,Pittsburgh,26,"",30252.42,U.S. Bank National Association,2026-02-19
38758,0115B00221000000,115B221,2025-03-28,GD-25-003491,Pittsburgh,26,"",83163.08,U.S. Bank Trust National Association,2026-02-23
37067,0046G00148000000,46G148,2024-05-17,MG-24-000378,Pittsburgh,26,"",0,SW Linear Investment Group LLC,2025-06-10
36157,0046F00101000000,46F101,2023-06-29,MG-23-000606,Pittsburgh,26,"",0,Deutsche Bank National Trust Company,2024-11-06
38101,0184J00220000000,184J220,2024-11-25,MG-24-000888,Pittsburgh,26,"",39016.86,Select Portfolio Servicing Inc.,2025-03-11
34262,0163R00040000000,163R40,2023-01-18,MG-23-000043,Pittsburgh,26,"",488261.76,Wilmington Trust National Association,2026-02-09
34780,0116L00190000000,116L190,2023-03-22,MG-23-000277,Pittsburgh,26,"",34380.72,PNC Bank National Association,2024-04-10
35233,0046B00044000000,46B44,2022-11-21,GD-22-014340,Pittsburgh,26,"",0,Carrington Mortgage Services LLC,2024-12-05
39103,0045J00228000000,45J228,2025-05-28,GD-25-005830,Pittsburgh,27,"",98379.73,Wilmington Savings Fund Society FSB,2025-07-10
37038,0045J00255000000,45J255,2024-05-08,MG-24-000352,Pittsburgh,27,"",116704.55,U.S. Bank Trust Company National Association,2025-05-27
32113,0114L00214000000,114L214,2022-08-18,MG-22-000603,Pittsburgh,27,"",90919.78,Specialized Loan Servicing LLC,2023-12-08
33833,0076J00209000000,76J209,2022-12-12,MG-22-000989,Pittsburgh,27,"",110490.96,Newrez LLC,2023-11-06
35432,0075S00059000000,75S59,2023-08-14,MG-23-000738,Pittsburgh,27,"",22120.68,Dollar Bank Federal Savings Bank,2024-01-30
34740,0044M00041000000,44M41,2023-03-07,MG-23-000215,Pittsburgh,27,"",50293.88,Citizens Bank N.A.,2023-09-25
39099,0075D00298000000,75D298,2025-05-28,MG-25-000427,Pittsburgh,27,"",20568.14,Nationstar Mortgage LLC,2025-08-20
33395,0045K00074000000,45K74,2021-05-25,MG-21-000100,Pittsburgh,27,"",28186.4,Trinity Financial Services LLC,2025-07-03
39693,0075S00125000000,75S125,2025-09-05,MG-25-000775,Pittsburgh,27,"",0,Crosscountry Mortgage LLC,2025-12-23
35721,0045A00261000000,45A261,2023-09-08,MG-23-000826,Pittsburgh,27,"",216028.64,First Commonwealth Bank,2024-06-09
36021,0075F00007000000,75F7,2023-09-29,GD-23-011422,Pittsburgh,27,"",233108.73,Rehab Financial Group LP,2024-12-17
37069,0114S00300000000,114S300,2024-05-17,MG-24-000379,Pittsburgh,27,"",41535.98,US Bank National Association,2025-07-08
37217,0075D00260000000,75D260,2024-06-07,MG-24-000436,Pittsburgh,27,"",169615.62,Newrez LLC,2026-02-23
38353,0114L00212000000,114L212,2025-01-06,MG-25-000014,Pittsburgh,27,"",98876.52,Pennymac Loan Services LLC,2025-02-06
33844,0114L00038000000,114L38,2022-12-13,MG-22-000994,Pittsburgh,27,"",10095.95,Midfirst Bank,2023-11-21
34652,0045A00132000000,45A132,2022-07-29,MG-22-000553,Pittsburgh,27,"",0,First National Bank of Pennsylvania,2023-08-23
39908,0114J00059000000,114J59,2025-10-06,GD-25-010384,Pittsburgh,27,"",592763.45,Community Bank,2026-02-06
36586,0114N00229000000,114N229,2024-02-20,MG-24-000126,Pittsburgh,27,"",175341.87,Wilmington Trust National Association,2026-01-27
37311,0115A00214000000,115A214,2024-06-25,MG-24-000485,Pittsburgh,27,"",139965.23,Lakeview Loan Servicing LLC,2026-01-08
39781,0076N00304000000,76N304,2025-10-10,MG-25-000886,Pittsburgh,27,"",0,Citizens Bank N.A.,2025-12-26
35288,0076L00115000001,76L115 000001,2023-05-01,MG-23-000407,Pittsburgh,27,"",62214.84,HSBC Bank USA National Association,2023-08-18
37068,0114S00302000000,114S302,2024-05-17,MG-24-000379,Pittsburgh,27,"",41535.98,US Bank National Association,2025-07-08
33710,0114M00168000000,114M168,2022-11-28,MG-22-000936,Pittsburgh,27,"",132888.28,U.S. Bank Trust National Association,2026-01-08
34428,0045E00081000000,45E81,2023-02-08,MG-23-000124,Pittsburgh,27,"",58426.91,PNC Bank National Association,2025-01-15
38254,"","",2024-12-20,MG-24-000979,Pittsburgh,27,"",0,Freedom Mortgage Corporation,2025-04-22
37828,0114C00062000000,114C62,2024-10-15,GD-24-011522,Pittsburgh,27,"",64425.25,Federal Home Loan Mortgage Corporation,2026-01-28
37101,0075L00123000000,75L123,2024-05-17,MG-24-000382,Pittsburgh,27,"",17018.07,Citizens Bank N.A.,2025-06-18
37386,0076J00221000000,76J221,2024-07-12,GD-24-007510,Pittsburgh,27,"",88632.45,Wilmington Savings Fund Society FSB,2026-01-16
30737,0114G00054000000,114G54,2021-03-17,GD-21-002496,Pittsburgh,27,Sheriff Return,0,First National Bank of Pennsylvania,
31830,0114L00214000000,114L214,2022-08-18,MG-22-000603,Pittsburgh,27,Praecipe for Appearance,90919.78,Specialized Loan Servicing LLC,
34452,0076B00111000000,76B111,2022-06-02,MG-22-000411,Pittsburgh,27,"",118582.36,Dyck-O'Neal Inc.,2026-02-17
38265,0013L00006000000,13L6,2024-12-04,MG-24-000912,Pittsburgh,27,"",27070.6,Federal Home Loan Mortgage Corporation,2026-02-23
31808,0045A00261000000,45A261,2022-08-09,MG-22-000580,Pittsburgh,27,Order of Court,212667.98,First Commonwealth Bank,
37327,0045E00185000000,45E185,2024-06-27,GD-24-007069,Pittsburgh,27,"",149953.33,Movement Mortgage LLC,2025-04-09
35291,0075R00083000000,75R83,2020-10-01,GD-20-010405,Pittsburgh,27,"",0,Estate of David E. Weaver,2023-05-26
31768,0115E00210000000,115E210,2022-08-04,GD-22-009638,Pittsburgh,27,Complaint,176916.16,Lakeview Loan Servicing LLC,
35888,0075B00038000000,75B38,2023-10-05,GD-23-011653,Pittsburgh,27,"",95974.6,Dollar Bank Federal Savings Bank,2025-03-11
37423,0114L00216000000,114L216,2024-07-19,MG-24-000559,Pittsburgh,27,"",63384.25,Citigroup Mortgage Loan Trust 2018-B,2025-02-18
32772,0075M00150000000,75M150,2021-12-13,GD-21-014914,Pittsburgh,27,"",,Dollar Bank Federal Savings Bank,2023-02-22
30250,0114L00268000000,114L268,2020-02-11,MG-20-000168,Pittsburgh,27,Complaint,104761.87,Quicken Loans Inc.,
32405,0045F00029000000,45F29,2021-09-13,MG-21-000157,Pittsburgh,27,"",34240.19,Limosa LLC,2023-01-13
38757,0076F00015000000,76F15,2025-03-18,MG-25-000226,Pittsburgh,27,"",119568.29,Amerihome Mortgage Company LLC,2025-08-12
31617,0076B00111000000,76B111 000000,2022-06-02,MG-22-000411,Pittsburgh,27,Sheriff Return,118582.36,Dyck-O'Neal Inc.,
33698,0045F00045000000,45F45 000000,2022-11-10,MG-22-000885,Pittsburgh,27,"",69731.79,Deutsche Bank National Trust Company,2022-12-15
31577,0114P00064000000,114P64,2022-05-18,MG-22-000385,Pittsburgh,27,Complaint,0,First National Bank of Pennsylvania,
31564,0075S00012000000,75S12,2022-05-16,MG-22-000372,Pittsburgh,27,Order of Court,,Dollar Bank Federal Savings Bank,
37163,0044M00041000000,44M41,2024-05-31,GD-24-006029,Pittsburgh,27,"",50618.89,Citizens Bank N.A.,2025-04-17
31457,0045F00184000000,45F184,2022-04-06,MG-22-000270,Pittsburgh,27,Sheriff Return,,U.S. Bank N.A.,
33591,0075C00052000000,75C52,2022-11-15,GD-22-013975,Pittsburgh,27,"",54398.84,U.S. Bank Trust National Association,2023-10-03
34670,0045J00187000000,45J187,2022-03-09,MG-22-000160,Pittsburgh,27,"",,Allegent Community Federal Credit Union,2025-10-20
31423,0114F00069000000,114F69 000000,2022-03-29,MG-22-000240,Pittsburgh,27,Complaint,0,Huntington National Bank N.A.,
33534,0045J00187000000,45J187 000000,2022-03-09,MG-22-000160,Pittsburgh,27,"",,Allegent Community Federal Credit Union,2022-12-20
33981,0111P00280000000,111P280,2022-12-27,MG-22-001043,Pittsburgh,27,"",0,Nationstar Mortgage LLC,2023-05-03
31461,0114L00038000000,114L38,2022-04-07,MG-22-000274,Pittsburgh,27,Sheriff Return,,Midfirst Bank,
39663,0115E00068000000,115E68,2025-09-16,MG-25-000804,Pittsburgh,27,"",136727.71,Planet Home Lending LLC,2026-02-09
31342,0045J00187000000,45J187 000000,2022-03-09,MG-22-000160,Pittsburgh,27,Order of Court - Held for Conciliation,,Allegent Community Federal Credit Union,
32156,0114F00069000000,114F69 000000,2022-03-29,MG-22-000240,Pittsburgh,27,"",0,Huntington National Bank N.A.,2022-10-04
36421,0114M00331000000,114M331,2024-01-03,MG-24-000004,Pittsburgh,27,"",59118.48,New American Funding LLC,2024-03-06
33923,0075L00285000000,75L285,2022-12-21,MG-22-001029,Pittsburgh,27,"",33630.66,Newrez LLC,2023-04-24
35880,0013L00081000000,13L81,2023-10-03,MG-23-000912,Pittsburgh,27,"",149521.34,Bank of America N.A.,2023-11-03
35122,0114F00069000000,114F69,2022-03-29,MG-22-000240,Pittsburgh,27,"",0,Huntington National Bank N.A.,2023-05-04
33682,0044D00192000000,44D192,2021-08-27,GD-21-010217,Pittsburgh,27,"",0,U.S. Bank Trust National Association,2023-05-04
39691,0075S00126000000,75S126,2025-09-05,MG-25-000775,Pittsburgh,27,"",0,Crosscountry Mortgage LLC,2025-12-23
31078,0075M00150000000,75M150,2021-12-13,GD-21-014914,Pittsburgh,27,Complaint,,Dollar Bank Federal Savings Bank,
33695,0114S00316000000,114S316,2022-11-23,GD-22-014377,Pittsburgh,27,"",160596.9,Deutsche Bank National Trust Company,2024-02-13
34207,0045E00010000000,45E10,2023-01-23,GD-23-000978,Pittsburgh,27,"",98572.57,Beltway Capital LLC,2024-02-13
36915,0076K00102000000,76K102,2024-03-29,GD-24-003653,Pittsburgh,27,"",105406.65,Limosa LLC,2025-11-03
39059,0075G00259000000,75G259 0000,2025-05-22,MG-25-000411,Pittsburgh,27,"",123835.98,PHH Mortgage Corporation,2025-06-20
33645,0044H00008000000,44H8,2022-11-18,MG-22-000914,Pittsburgh,27,"",37882.72,U.S. Bank National Association,2023-03-20
30969,0045F00027000000,45F27,2021-10-18,GD-21-012822,Pittsburgh,27,Complaint,52216.92,DLP Lending Fund LLC,
38711,0114L00216000000,114L216,2024-07-19,MG-24-000559,Pittsburgh,27,"",63384.25,U.S. Bank Trust National Association,2025-11-07
40375,"",75G222 0,2026-02-13,GD-26-001630,Pittsburgh,27,"",188343.34,First State Bank,2026-02-18
30904,0044D00192000000,44D192,2021-08-27,GD-21-010217,Pittsburgh,27,Complaint,0,U.S. Bank Trust National Association,
36384,0044D00242000000,44D242,2023-12-11,MG-23-001114,Pittsburgh,27,"",185756.31,EF Mortgage LLC,2026-02-26
34788,0075B00258000000,75B258,2023-03-23,MG-23-000281,Pittsburgh,27,"",176724.47,Specialized Loan Servicing LLC,2023-04-24
39272,0075G00259000000,75G259,2025-05-22,MG-25-000411,Pittsburgh,27,"",123835.98,PHH Mortgage Corporation,2026-01-08
30893,0114M00272000000,114M272,2021-08-04,GD-21-009169,Pittsburgh,27,Complaint,57699.68,Pennsylvania Housing Finance Agency,
30886,"",NONE,2021-07-22,MG-21-000123,Pittsburgh,27,Complaint,28620.63,ASO Equity Partners LLC,
36288,0076J00141000000,76J141,2023-12-08,MG-23-001112,Pittsburgh,27,"",101416.27,Deutsche Bank National Trust Company,2025-01-03
33258,0075S00012000000,75S12,2022-05-16,MG-22-000372,Pittsburgh,27,"",,Dollar Bank Federal Savings Bank,2023-12-04
30846,0114N00229000000,114N229,2021-06-16,MG-21-000109,Pittsburgh,27,Order of Court - Held for Conciliation,0,Wilmington Trust National Association,
30824,0045K00074000000,45K74,2021-05-25,MG-21-000100,Pittsburgh,27,Complaint,28186.4,Trinity Financial Services LLC,
34121,0045F00045000000,45F45,2022-11-10,MG-22-000885,Pittsburgh,27,"",69731.79,Deutsche Bank National Trust Company,2023-10-18
30821,0114S00302000000,114S302,2021-05-13,MG-21-000096,Pittsburgh,27,Complaint,51464.57,U.S Bank National Association,
37445,0076A00081000000,76A81,2024-07-25,MG-24-000572,Pittsburgh,27,"",156080.67,Midfirst Bank,2025-06-18
30782,0114K00116000000,114K116,2021-04-05,MG-21-000070,Pittsburgh,27,Sheriff Return,54170.35,Wilmington Savings Fund Society FSB,
30948,0045F00029000000,45F29,2021-09-13,MG-21-000157,Pittsburgh,27,Complaint,34240.19,Limosa LLC,
32901,0114K00116000000,114K116,2021-04-05,MG-21-000070,Pittsburgh,27,"",54170.35,Wilmington Savings Fund Society FSB,2022-11-01
38619,0114L00214000000,114L214,2025-02-14,GD-25-001627,Pittsburgh,27,"",91280.77,Newrez LLC,2025-04-16
40300,0045E00081000000,45E81,2026-01-27,MG-26-000060,Pittsburgh,27,"",0,PNC Bank National Association,2026-02-27
30749,0075S00061000000,0075S00061,2021-03-11,MG-21-000051,Pittsburgh,27,Sheriff Return,0,Law Offices of Homan Mobasser APLC,
35526,0114L00216000000,114L216,2023-08-18,MG-23-000761,Pittsburgh,27,"",75405,U.S. Bank Trust National Association,2023-08-22
40392,0045E00275000000,45E275,2026-02-19,GD-26-001948,Pittsburgh,27,"",215537.2,U.S. Bank Trust Company National Association,2026-02-20
35778,0075M00214000000,75M214,2023-09-20,MG-23-000868,Pittsburgh,27,"",55805.65,U.S. Bank Trust National Association,2024-06-06
37527,0114K00257000000,114K257,2024-08-05,MG-24-000596,Pittsburgh,27,"",81781.16,First National Bank of Pennsylvania,2025-03-24
33043,0114K00300000000,114K300,2020-03-17,MG-20-000324,Pittsburgh,27,"",0,Phh Mortgage Corporation,2024-02-15
39732,0075L00095000000,75L95,2025-09-26,MG-25-000846,Pittsburgh,27,"",38707.41,U.S Bank Trust National Association,2026-02-19
37657,0045F00009000000,45F9,2024-09-04,GD-24-009801,Pittsburgh,27,"",109049.72,Community Loan Servicing LLC,2025-12-19
33332,0045F00027000000,45F27,2021-10-18,GD-21-012822,Pittsburgh,27,"",52216.92,DLP Lending Fund LLC,2022-11-01
32887,0045A00261000000,45A261,2022-08-09,MG-22-000580,Pittsburgh,27,"",212667.98,First Commonwealth Bank,2022-11-01
30549,0075R00083000000,75R83,2020-10-01,GD-20-010405,Pittsburgh,27,Sheriff Return,0,Estate of David E. Weaver,
30548,0075R00083000000,75R83,2020-09-30,MG-20-000393,Pittsburgh,27,Complaint,0,Estate of David E. Weaver,
30515,0045N00016000000,45N16,2020-09-01,GD-20-009403,Pittsburgh,27,Sheriff Return,70663.46,First American Trust LLC,
32803,0114M00272000000,114M272,2021-08-04,GD-21-009169,Pittsburgh,27,"",57699.68,Pennsylvania Housing Finance Agency,2022-11-01
34741,0045N00025000000,45N25,2023-03-20,MG-23-000259,Pittsburgh,27,"",19670.63,Towd Point Mortgage Trust 2016-4,2025-09-12
30421,0114K00300000000,114K300,2020-03-17,MG-20-000324,Pittsburgh,27,Complaint,0,Phh Mortgage Corporation,
34461,0075B00273000000,75B273,2023-02-14,MG-23-000143,Pittsburgh,27,"",162973.66,Bank of New York Mellon,2026-01-30
37806,0045B00013000000,45B13,2024-10-09,GD-24-011281,Pittsburgh,27,"",134397.23,Athene Annuity and Life Company,2026-02-27
30356,0114F00122000000,0114F122,2020-03-26,GD-20-004575,Pittsburgh,27,Complaint,64460.67,Deutsche Bank National Trust Company,
37039,"","",2024-05-08,MG-24-000356,Pittsburgh,27,"",0,NewRez LLC,2026-01-30
32995,0114S00302000000,114S302,2021-05-13,MG-21-000096,Pittsburgh,27,"",51464.57,U.S Bank National Association,2024-02-07
38852,0114M00271000000,114M271,2025-04-14,GD-25-004039,Pittsburgh,27,"",189611.99,U.S. Bank Trust National Association,2025-10-30
35584,0045F00184000000,45F184,2022-04-06,MG-22-000270,Pittsburgh,27,"",,U.S. Bank N.A.,2024-06-09
37330,0114D00132000000,114D132,2024-06-27,MG-24-000502,Pittsburgh,27,"",50593.08,Federal Home Loan Mortgage Corporation,2025-06-25
36904,0076K00103000000,76K103,2024-03-29,GD-24-003652,Pittsburgh,27,"",105406.65,Limosa LLC,2026-02-09
33907,0114G00054000000,114G54,2022-12-20,GD-22-015759,Pittsburgh,27,"",62001.42,First National Bank of Pennsylvania,2024-04-24
34248,0045K00230000000,45K230,2023-01-24,MG-23-000066,Pittsburgh,27,"",45040.01,U.S. Bank Trust National Association,2025-05-22
38054,0075L00196000000,75L196,2024-11-14,MG-24-000854,Pittsburgh,27,"",117472,Dollar Bank Federal Savings Bank,2025-02-04
37309,0115A00213000000,115A213,2024-06-25,MG-24-000485,Pittsburgh,27,"",139965.23,Lakeview Loan Servicing LLC,2026-01-08
30163,0115A00108000000,0115A108,2020-01-29,MG-20-000107,Pittsburgh,27,Complaint,110200.98,Deutsche Bank National Trust Company,
32032,0114L00038000000,114L38,2022-04-07,MG-22-000274,Pittsburgh,27,"",,Midfirst Bank,2022-09-09
35169,0114F00122000000,0114F122,2020-03-26,GD-20-004575,Pittsburgh,27,"",64460.67,Deutsche Bank National Trust Company,2023-05-15
33637,0115E00210000000,115E210,2022-08-04,GD-22-009638,Pittsburgh,27,"",176916.16,Lakeview Loan Servicing LLC,2022-12-06
39159,0076N00213000000,76N213,2025-06-11,GD-25-006316,Pittsburgh,27,"",53774,Central Florida Income Fund LLC,2026-02-24
31947,0076B00111000000,76B111 000000,2022-06-02,MG-22-000411,Pittsburgh,27,"",118582.36,Dyck-O'Neal Inc.,2022-09-06
40230,0045E00293000000,45E293,2026-01-06,MG-26-000004,Pittsburgh,27,"",67071.34,U.S. Bank Trust National Association,2026-02-02
34858,0114M00331000000,114M331,2023-03-29,MG-23-000303,Pittsburgh,27,"",71624.13,New American Funding LLC,2023-05-01
34654,0114P00064000000,114P64,2022-05-18,MG-22-000385,Pittsburgh,27,"",0,First National Bank of Pennsylvania,2023-10-02
38595,0114G00154000000,114G154,2025-02-04,MG-25-000089,Pittsburgh,27,"",33985.65,Wesbanco Bank Inc.,2025-08-18
33469,0039J00021000000,39J21,2022-01-26,MG-22-000055,Pittsburgh,28,"",,Pennsylvania Housing Finance Agency,2024-03-22
32541,0019A00172000000,19A172,2022-05-17,MG-22-000379,Pittsburgh,28,"",105303.21,Dollar Bank FSB,2023-03-17
31574,0041R00074000000,41R74 000000,2022-05-18,MG-22-000382,Pittsburgh,28,Complaint,6071.44,Wilmington Savings Fund Society FSB,
40139,0041G00322000000,41G322,2025-12-22,GD-25-013766,Pittsburgh,28,"",0,Wilmington Trust National Association,2026-02-11
31898,0728R00137000000,728R137,2020-12-02,MG-20-000434,Pittsburgh,28,"",73379.52,NP191 LLC,2024-02-16
39171,0019J00193000000,19J193,2025-06-12,MG-25-000479,Pittsburgh,28,"",112274.26,Wilmington Savings Fund Society FSB,2026-01-30
35774,0040G00092000000,40G92,2023-09-19,MG-23-000863,Pittsburgh,28,"",0,Select Portfolio Servicing Inc.,2025-01-24
38824,0019J00193000000,19J193,2025-04-07,MG-25-000281,Pittsburgh,28,"",0,Figure Lending LLC,2025-07-02
31209,0039J00023000000,39J23,2022-01-26,MG-22-000055,Pittsburgh,28,Complaint,,Pennsylvania Housing Finance Agency,
31210,0039J00021000000,39J21,2022-01-26,MG-22-000055,Pittsburgh,28,Complaint,,Pennsylvania Housing Finance Agency,
37549,0041F00216000000,41F216,2024-08-15,MG-24-000625,Pittsburgh,28,"",48706.18,Midfirst Bank,2025-05-20
31221,0041F00241000000,41F241,2022-02-03,GD-22-001435,Pittsburgh,28,Sheriff Return,,Pennymac Loan Services LLC,
36562,0040D00098000000,40D98,2024-02-14,MG-24-000111,Pittsburgh,28,"",0,Wells Fargo Bank N.A.,2024-10-29
32446,0070D00258000000,70D258 000000,2022-08-02,MG-22-000561,Pittsburgh,28,"",88250.52,Rocket Mortgage LLC,2022-09-26
40439,0107M00107000000,107M107,2026-02-25,MG-26-000159,Pittsburgh,28,"",96457.55,First Commonwealth Bank,2026-02-26
38504,0018E00021000000,18E21,2025-02-07,MG-25-000102,Pittsburgh,28,"",71700.72,Lakeview Loan Servicing LLC,2025-08-28
39276,0040D00240000000,40D240,2025-05-01,GD-25-004778,Pittsburgh,28,"",0,Silver Hill Capital LLC,2026-02-23
40127,0041G00323000000,41G323,2025-12-22,GD-25-013766,Pittsburgh,28,"",0,Wilmington Trust National Association,2026-02-11
39034,0040D00240000000,40D240,2025-05-01,GD-25-004778,Pittsburgh,28,"",0,Community Loan Servicing LLC,2025-05-19
33635,0040C00277000000,40C277,2022-11-18,MG-22-000916,Pittsburgh,28,"",128221.72,Specialized Loan Servicing LLC,2024-01-16
36772,0040C00277000000,40C277,2022-11-18,MG-22-000916,Pittsburgh,28,"",128221.72,Crawley Robert James,2024-11-06
32635,0040G00063000000,0040G63,2020-01-22,MG-20-000071,Pittsburgh,28,"",62896.46,U.S. Bank National Association,2025-02-18
37546,0040L00102000000,40L102,2024-08-14,MG-24-000623,Pittsburgh,28,"",161479.98,Lakeview Loan Servicing LLC,2025-12-10
40409,0071J00069000000,71J69,2026-02-19,MG-26-000147,Pittsburgh,28,"",0,U.S. Bank National Association,2026-02-23
31231,0071F00195000000,71F195,2022-02-21,GD-22-002016,Pittsburgh,28,Complaint,,Pennsylvania Housing Finance Agency,
34926,0041R00074000000,41R74,2022-05-18,MG-22-000382,Pittsburgh,28,"",6071.44,Wilmington Savings Fund Society FSB,2024-08-13
36351,0019N00210000000,19N210,2023-12-13,MG-23-001124,Pittsburgh,28,"",0,Pennsylvania Housing Finance Agency,2024-03-25
35809,0040R00284000000,40R284,2023-09-25,MG-23-000881,Pittsburgh,28,"",60872.38,Midfirst Bank,2023-12-27
31269,0039K00223000000,39K223,2022-02-18,MG-22-000102,Pittsburgh,28,Complaint,0,Pennsylvania Housing Finance Agency,
36107,0040L00089000000,40L89,2023-11-02,MG-23-001006,Pittsburgh,28,"",84716.48,Rocket Mortgage LLC,2024-02-21
32634,0041F00241000000,41F241,2022-02-03,GD-22-001435,Pittsburgh,28,"",,Pennymac Loan Services LLC,2024-02-21
36204,0040G00291000000,40G291,2023-11-27,MG-23-001067,Pittsburgh,28,"",60546.51,Wells Fargo Bank N.A.,2023-12-26
32178,0192L00020000000,192L20,2021-11-15,GD-21-013941,Pittsburgh,28,"",10447109.04,Wilmington Trust National Association,2025-07-30
30046,0040H00278000000,0040H00278 000000,2020-01-23,GD-20-001191,Pittsburgh,28,Complaint,135483.04,Towd Point Mortgage Trust 2018-1,
39025,0040H00278000000,40H278,2020-01-23,GD-20-001191,Pittsburgh,28,"",135483.04,Towd Point Mortgage Trust 2018-1,2025-07-03
31789,0070D00258000000,70D258 000000,2022-08-02,MG-22-000561,Pittsburgh,28,Complaint,88250.52,Rocket Mortgage LLC,
33594,0018J00210000000,18J210,2022-11-07,MG-22-000868,Pittsburgh,28,"",20906.94,Citizens Bank N.A,2023-02-07
37929,0071F00252000000,71F252,2024-10-03,GD-24-011003,Pittsburgh,28,"",97653.55,Northwest Bank,2025-12-08
40285,0039E00032000000,39E32,2026-01-25,MG-26-000053,Pittsburgh,28,"",48071.92,Rocket Mortgage LLC,2026-02-25
35386,0039E00030000000,39E30,2023-07-28,GD-23-009152,Pittsburgh,28,"",62456.37,Wilmington Savings Fund Society FSB,2024-06-05
30126,0040G00063000000,0040G63,2020-01-22,MG-20-000071,Pittsburgh,28,Complaint,62896.46,U.S. Bank National Association,
34785,0041G00100000000,41G100,2023-03-22,MG-23-000280,Pittsburgh,28,"",50772.79,Wells Fargo Bank N.A.,2024-06-09
38218,0018E00066000000,18E66 0000,2024-12-18,MG-24-000962,Pittsburgh,28,"",0,HSBC Bank USA National Association,2025-01-29
38500,0107M00107000000,107M107,2025-02-06,MG-25-000097,Pittsburgh,28,"",91273.59,First Commonwealth Bank,2025-07-08
38749,0070D00258000000,70D258,2024-12-12,MG-24-000941,Pittsburgh,28,"",112729.29,Rocket Mortgage LLC,2025-12-22
35784,0018A00209000000,18A209,2023-09-21,MG-23-000876,Pittsburgh,28,"",107220.7,Newrez LLC,2023-11-09
33544,0039J00023000000,39J23,2022-01-26,MG-22-000055,Pittsburgh,28,"",,Pennsylvania Housing Finance Agency,2024-03-22
36776,0040C00277000000,40C277,2022-11-18,MG-22-000916,Pittsburgh,28,"",128221.72,U.S. Bank Trust National Association,2024-11-06
33226,0041R00074000000,41R74 000000,2022-05-18,MG-22-000382,Pittsburgh,28,"",6071.44,Wilmington Savings Fund Society FSB,2022-11-01
39754,0020J00301000000,20J301,2025-09-29,MG-25-000857,Pittsburgh,28,"",99778.53,Pennymac Loan Services LLC,2025-10-09
36347,0019J00230000000,19J230,2023-12-13,MG-23-001124,Pittsburgh,28,"",0,Pennsylvania Housing Finance Agency,2024-03-25
35081,0041R00276000000,41R276,2023-04-05,MG-23-000322,Pittsburgh,28,"",75135.17,Rocket Mortgage LLC,2023-05-08
40429,0041F00216000000,41F216,2026-02-13,MG-26-000127,Pittsburgh,28,"",55530.91,Midfirst Bank,2026-02-25
37292,0041G00024000000,41G24,2024-06-24,MG-24-000480,Pittsburgh,28,"",91311.2,Wells Fargo Bank N.A.,2025-05-23
36349,0019N00211000000,19N211,2023-12-13,MG-23-001124,Pittsburgh,28,"",0,Pennsylvania Housing Finance Agency,2024-03-25
35617,0070E00036000000,70E36,2023-06-23,MG-23-000596,Pittsburgh,28,"",24111.02,Nationstar Mortgage LLC,2025-07-22
32164,0071K00197000000,71K197,2022-09-16,MG-22-000697,Pittsburgh,28,"",25325.68,U.S. Bank National Association,2026-01-15
34643,0018J00112000000,18J112,2023-03-09,MG-23-000226,Pittsburgh,28,"",64363.89,Dollar Bank Federal Savings Bank,2026-02-12
34789,0070D00258000000,70D258,2022-08-02,MG-22-000561,Pittsburgh,28,"",88250.52,Rocket Mortgage LLC,2024-04-09
37918,0040R00093000000,40R93,2024-10-10,MG-24-000766,Pittsburgh,28,"",0,Midfirst Bank,2025-12-08
38184,0070D00258000000,70D258 0000,2024-12-12,MG-24-000941,Pittsburgh,28,"",112729.29,Rocket Mortgage LLC,2025-01-12
32521,0039K00223000000,39K223,2022-02-18,MG-22-000102,Pittsburgh,28,"",0,Pennsylvania Housing Finance Agency,2023-03-15
35528,0039E00025000000,39E25,2023-07-05,MG-23-000627,Pittsburgh,28,"",63949.21,U.S. Bank National Association,2023-08-22
35743,0040L00109000000,40L109,2023-08-31,MG-23-000805,Pittsburgh,28,"",23632.51,Mutual of Omaha Mortgage Inc.,2024-05-07
39488,0018A00187000000,18A187,2025-08-11,MG-25-000676,Pittsburgh,28,"",111587.06,Carrington Mortgage Services LLC,2025-10-27
33253,0040H00278000000,0040H00278,2020-01-23,GD-20-001191,Pittsburgh,28,"",135483.04,Towd Point Mortgage Trust 2018-1,2022-11-01
37199,0018A00209000000,18A209,2024-06-06,MG-24-000432,Pittsburgh,28,"",0,Newrez LLC,2025-11-10
40147,0040M00010000000,40M10,2025-12-10,MG-25-001039,Pittsburgh,28,"",66119.94,Deutsche Bank National Trust Company,2026-02-24
33820,0040L00089000000,40L89,2022-12-08,MG-22-000975,Pittsburgh,28,"",98413.84,Rocket Mortgage,2023-04-11
31572,0019A00172000000,19A172,2022-05-17,MG-22-000379,Pittsburgh,28,Complaint,105303.21,Dollar Bank FSB,
36653,0070J00145000000,70J145,2024-02-13,MG-24-000109,Pittsburgh,28,"",130233.54,Planet Home Lending LLC,2024-06-05
35618,0040R00093000000,40R93,2023-08-02,MG-23-000708,Pittsburgh,28,"",0,Midfirst Bank,2024-06-09
31016,0192L00020000000,192L20,2021-11-15,GD-21-013941,Pittsburgh,28,Motion,10447109.04,Wilmington Trust National Association,
39612,0040L00089000000,40L89,2025-08-28,MG-25-000756,Pittsburgh,28,"",0,Rocket Mortgage LLC,2025-09-29
30645,0728R00137000000,728R137,2020-12-02,MG-20-000434,Pittsburgh,28,Complaint,73379.52,NP191 LLC,
31069,0040G00042000000,40G42 000000,2021-11-24,MG-21-000243,Pittsburgh,28,Complaint,0,The Huntington National Bank,
34745,0040G00042000000,40G42,2021-11-24,MG-21-000243,Pittsburgh,28,"",0,The Huntington National Bank,2023-03-20
40265,0041F00257000000,41F257,2026-01-22,MG-26-000047,Pittsburgh,28,"",64616.01,NewRez LLC,2026-02-24
36418,0040G00221000000,40G221,2024-01-04,MG-24-000009,Pittsburgh,28,"",51871.22,U.S. Bank National Association,2025-05-27
34642,0040H00244000000,40H244,2023-03-08,MG-23-000219,Pittsburgh,28,"",210129.54,Data Mortgage Inc.,2023-08-01
33835,0040S00088000000,40S88,2022-12-12,MG-22-000988,Pittsburgh,28,"",92824.82,MCLP Asset Company Inc.,2026-02-03
40176,0019N00210000000,19N210,2025-12-30,MG-25-001093,Pittsburgh,28,"",0,Pennsylvania Housing Finance Agency,2026-01-28
39877,0041B00328000000,41B328,2025-10-21,MG-25-000913,Pittsburgh,28,"",87350.5,Legacy Mortgage Asset Trust 2021-GS1,2025-11-21
37896,0041R00031000000,41R31,2024-10-25,GD-24-012006,Pittsburgh,28,"",107862.22,Secured Investment High Yield Fund II LLC,2026-01-07
38409,0019J00230000000,19J230,2025-01-15,MG-25-000032,Pittsburgh,28,"",0,Pennsylvania Housing Finance Agency,2026-01-29
39999,0040G00015000000,40G15,2025-11-21,MG-25-000996,Pittsburgh,28,"",105503.48,ServiceMac LLC,2026-01-28
36622,0020J00183000000,20J183,2024-02-27,MG-24-000143,Pittsburgh,28,"",114330.55,Wells Fargo Bank N.A.,2026-02-09
37798,0041G00118000000,41G118,2024-10-07,MG-24-000750,Pittsburgh,28,"",156094.88,Primelending,2025-01-17
40177,0019N00211000000,19N211,2025-12-30,MG-25-001093,Pittsburgh,28,"",0,Pennsylvania Housing Finance Agency,2026-01-28
36211,0040R00123000000,40R123,2023-11-09,GD-23-012964,Pittsburgh,28,"",122253.77,Finance of America Reverse LLC,2023-12-27
39493,0018A00190000000,18A190,2025-08-11,MG-25-000676,Pittsburgh,28,"",111587.06,Carrington Mortgage Services LLC,2025-10-27
38665,0018E00066000000,18E66,2024-12-18,MG-24-000962,Pittsburgh,28,"",0,HSBC Bank USA National Association,2025-04-22
35638,0071F00058000000,71F58,2023-07-21,GD-23-008876,Pittsburgh,28,"",53102.3,Citizens Bank N.A.,2024-06-11
40124,0071G00110000000,71G110,2025-12-22,GD-25-013766,Pittsburgh,28,"",0,Wilmington Trust National Association,2026-02-11
38411,0019N00211000000,19N211,2025-01-15,MG-25-000032,Pittsburgh,28,"",0,Pennsylvania Housing Finance Agency,2026-01-29
37544,0040L00101000000,40L101,2024-08-14,MG-24-000623,Pittsburgh,28,"",161479.98,Lakeview Loan Servicing LLC,2025-12-10
39545,0040L00141000000,40L141 0000,2025-08-22,MG-25-000725,Pittsburgh,28,"",0,Enterprise Bank,2026-02-23
34169,0039J00119000000,39J119,2023-01-19,MG-23-000048,Pittsburgh,28,"",0,Wells Fargo Bank N.A.,2023-10-25
34591,0018E00179000000,18E179,2023-02-27,MG-23-000186,Pittsburgh,28,"",380371.24,Wilmington Trust National Assocaition,2025-08-26
40187,0019J00230000000,19J230,2025-12-30,MG-25-001093,Pittsburgh,28,"",0,Pennsylvania Housing Finance Agency,2026-01-28
38410,0019N00210000000,19N210,2025-01-15,MG-25-000032,Pittsburgh,28,"",0,Pennsylvania Housing Finance Agency,2026-01-29
32438,0040C00248000000,40C248,2022-09-26,MG-22-000724,Pittsburgh,28,"",37246.9,Nationstar Mortgage LLC,2024-04-18
39205,0060B00030000000,60B30,2025-06-19,GD-25-006723,Pittsburgh,29,"",73918.15,Pennsylvania Housing Finance Agency,2025-08-15
37703,0094F00160000000,94F160,2024-09-19,MG-24-000704,Pittsburgh,29,"",0,Nationstar Mortgage LLC,2024-12-09
37046,0032N00249000000,32N249,2024-05-02,MG-24-000335,Pittsburgh,29,"",0,PNC Bank National Association,2025-04-17
38082,0137E00164000000,137E164 0000,2024-11-21,MG-24-000875,Pittsburgh,29,"",54654.66,PHH Mortgage Corporation,2024-12-22
39690,0094N00166000000,94N166,2025-09-23,MG-25-000831,Pittsburgh,29,"",128067.51,Dollar Bank Federal Savings Bank,2026-02-23
35793,0059P00029000000,59P29,2023-09-21,MG-23-000874,Pittsburgh,29,"",234660.07,Rocket Mortgage LLC,2024-09-30
35605,0033K00258000000,33K258,2023-07-28,GD-23-009172,Pittsburgh,29,"",48531.7,New Residential Mortgage Loan Trust 2017-3,2024-06-05
34561,0032N00249000000,32N249,2023-02-23,MG-23-000180,Pittsburgh,29,"",55259.73,PNC Bank National Association,2023-11-28
38386,0213A00088000000,213A88,2025-01-17,MG-25-000037,Pittsburgh,29,"",0,Bank United N.A.,2026-01-30
39772,0095L00119000000,95L119,2025-10-07,GD-25-010452,Pittsburgh,29,"",138121.11,Rocket Mortgage LLC,2026-01-20
36591,0137A00232000000,137A232,2024-02-20,MG-24-000127,Pittsburgh,29,"",70694.17,U.S. Bank Trust Company National Association,2025-08-13
36126,0095D00361000000,95D361,2023-11-09,MG-23-001023,Pittsburgh,29,"",24823.87,Dollar Bank Federal Savings Bank,2025-01-15
36899,0138D00035000000,138D35,2024-04-18,MG-24-000298,Pittsburgh,29,"",0,Newrez LLC,2025-06-11
33557,0095L00316000000,95L316,2022-11-10,MG-22-000881,Pittsburgh,29,"",62703.34,Select Portfolio Servicing Inc.,2024-04-15
34815,0095H00305000000,95H305,2023-03-24,MG-23-000287,Pittsburgh,29,"",20902.61,Rocket Mortgage LLC,2024-08-14
36596,0060M00298000000,60M298,2024-02-05,MG-24-000088,Pittsburgh,29,"",12125.5,U.S. Bank National Association,2025-01-14
34227,0060B00220000000,60B220,2020-03-16,MG-20-000313,Pittsburgh,29,"",44826.81,PNC Bank National Association,2023-08-14
36944,0060J00144000000,60J144,2024-04-03,MG-24-000253,Pittsburgh,29,"",39980.74,HSBC Bank USA N.A.,2025-11-19
31940,0137A00167000000,0137A00167,2020-01-16,GD-20-000874,Pittsburgh,29,"",0,PNC Bank National Association,2022-09-06
30042,0137A00167000000,0137A00167 000000,2020-01-16,GD-20-000874,Pittsburgh,29,Complaint,0,PNC Bank National Association,
30057,0033R00246000000,0033R00246 000000,2020-01-02,MG-20-000003,Pittsburgh,29,Settled and Discontinued,24668.53,PNC Bank National Association,
30128,0095D00151000000,95D151,2020-01-22,MG-20-000073,Pittsburgh,29,Complaint,38971.16,Stack Investments LLC,
30185,0094E00243000000,94E243,2020-02-05,GD-20-002061,Pittsburgh,29,Sheriff Return,53565.97,Dollar Bank Federal Savings Bank,
30310,0060H00148000000,0060H148 00000,2020-02-26,MG-20-000231,Pittsburgh,29,Complaint,60647.98,Wells Fargo Bank N.A.,
30314,0095C00212000000,0095C212,2020-02-26,MG-20-000235,Pittsburgh,29,Complaint,39174.77,Wells Fargo Bank N.A.,
30343,0033P00234000000,0033P234,2020-03-12,GD-20-004137,Pittsburgh,29,Complaint,42033.62,Wells Fargo Bank N.A.,
30410,0060B00220000000,0060B00220 000000,2020-03-16,MG-20-000313,Pittsburgh,29,Complaint,44826.81,PNC Bank National Association,
30418,0095D00086000000,95D86,2020-03-17,MG-20-000321,Pittsburgh,29,Complaint,90410.94,Wilmington Savings Fund Society FSB,
30509,0095D00243000000,95D243,2020-08-11,GD-20-008570,Pittsburgh,29,Complaint,59417.3,Village Capital & Investment,
30579,0060D00315000000,60D315,2020-10-16,MG-20-000406,Pittsburgh,29,Complaint,0,Trinity Financial Services LLC,
30642,0094E00280000000,94E280,2020-12-23,GD-20-013034,Pittsburgh,29,Complaint,115408.72,Trinity Financial Services LLC,
30643,0094E00281000000,94E281,2020-12-23,GD-20-013034,Pittsburgh,29,Complaint,115408.72,Trinity Financial Services LLC,
30721,0094F00176000000,0094F00176 000000,2021-02-16,MG-21-000034,Pittsburgh,29,Complaint,0,Newrez LLC,
30946,0095L00191000000,95L191,2021-09-03,MG-21-000155,Pittsburgh,29,Sheriff Return,11714.21,Trinity Financial Services LLC,
30982,0138D00027000000,138D27,2021-10-05,MG-21-000178,Pittsburgh,29,Order of Court - Held for Conciliation,162999.8,Newrez LLC,
31217,0094N00037000000,94N37,2022-02-02,GD-22-001289,Pittsburgh,29,Sheriff Return,0,Urban Redevelopment Authority of Pittsburgh,
31254,0095L00304000000,95L304,2022-02-14,MG-22-000086,Pittsburgh,29,Sheriff Return,,Wells Fargo Bank N.A.,
31318,0060S00214000000,60S214,2022-03-02,MG-22-000136,Pittsburgh,29,Sheriff Return,0,Pennsylvania Housing Finance Agency,
31357,0060C00307000000,60C307,2022-03-14,MG-22-000175,Pittsburgh,29,Complaint,36206.26,US Bank National Association,
31702,0095L00316000000,95L316,2022-07-18,GD-22-008811,Pittsburgh,29,Sheriff Return,0,One Main Financial Group LLC,
31826,0138D00065000000,138D65,2022-08-17,MG-22-000599,Pittsburgh,29,Complaint,0,Pennsylvania Housing Finance Agency,
32623,0060B00220000000,0060B00220,2020-03-16,MG-20-000313,Pittsburgh,29,"",44826.81,PNC Bank National Association,2022-12-13
39676,0095L00300000000,95L300,2025-09-18,MG-25-000816,Pittsburgh,29,"",29143.47,Huntington National Bank,2026-02-11
37145,0542B00126000000,542B126,2024-05-09,MG-24-000358,Pittsburgh,29,"",77127.74,U.S. Bank Trust Company National Association,2025-02-21
32776,0060D00315000000,60D315,2020-10-16,MG-20-000406,Pittsburgh,29,"",0,Wilmington Savings Fund Society FSB,2022-10-11
33665,0059J00284000000,59J284,2022-11-21,MG-22-000925,Pittsburgh,29,"",0,Bank of New York Mellon,2023-02-02
34424,0094F00084000000,94F84,2023-02-07,MG-23-000119,Pittsburgh,29,"",14509.35,Nationstar Mortgage LLC,2023-04-19
38275,0060H00225000000,60H225,2024-12-30,MG-24-000991,Pittsburgh,29,"",176733.05,Dollar Bank Federal Savings Bank,2025-02-25
32467,0095L00316000000,95L316,2022-07-18,GD-22-008811,Pittsburgh,29,"",0,One Main Financial Group LLC,2023-05-05
31968,0060S00214000000,60S214,2022-03-02,MG-22-000136,Pittsburgh,29,"",0,Pennsylvania Housing Finance Agency,2022-12-21
32169,0138D00065000000,138D65,2022-08-17,MG-22-000599,Pittsburgh,29,"",0,Pennsylvania Housing Finance Agency,2023-03-13
32556,0094F00305000000,94F305,2022-09-28,MG-22-000741,Pittsburgh,29,"",0,U.S. Bank Trust National Association,2024-04-11
33152,0094F00176000000,0094F00176,2021-02-16,MG-21-000034,Pittsburgh,29,"",0,Newrez LLC,2022-11-01
32729,0094E00281000000,94E281,2020-12-23,GD-20-013034,Pittsburgh,29,"",115408.72,Trinity Financial Services LLC,2022-11-01
32746,0094E00280000000,94E280,2020-12-23,GD-20-013034,Pittsburgh,29,"",115408.72,Trinity Financial Services LLC,2022-11-01
33418,0095R00300000000,0095R300,2020-07-29,GD-20-008263,Pittsburgh,29,"",60598.92,Union Home Mortgage Corporation,2024-03-12
33502,0138D00027000000,138D27,2021-10-05,MG-21-000178,Pittsburgh,29,"",162999.8,Newrez LLC,2023-03-10
32770,0095L00191000000,95L191,2021-09-03,MG-21-000155,Pittsburgh,29,"",11714.21,Trinity Financial Services LLC,2023-03-24
40249,0094F00122000000,94F122,2026-01-16,MG-26-000036,Pittsburgh,29,"",72748.57,Newrez LLC,2026-02-16
34472,0137A00167000000,137A167,2020-01-16,GD-20-000874,Pittsburgh,29,"",0,PNC Bank National Association,2023-02-14
34891,0060C00166000000,60C166,2023-02-28,MG-23-000193,Pittsburgh,29,"",66118.01,HSBC Bank USA National Association,2025-12-17
34683,0033R00186000000,33R186,2023-02-28,MG-23-000195,Pittsburgh,29,"",46621.76,Freedom Mortgage Corporation,2023-05-15
39729,0138D00190000000,138D190,2025-09-03,GD-25-009334,Pittsburgh,29,"",43816.46,Fifth Third Bank N.A.,2025-10-06
33054,0095D00243000000,95D243,2020-08-11,GD-20-008570,Pittsburgh,29,"",59417.3,Village Capital & Investment,2023-04-18
32598,0094N00037000000,94N37,2022-02-02,GD-22-001289,Pittsburgh,29,"",0,Urban Redevelopment Authority of Pittsburgh,2023-12-18
33727,0060H00148000000,60H148,2020-02-26,MG-20-000231,Pittsburgh,29,"",60647.98,Wells Fargo Bank N.A.,2022-12-02
38074,0137B00101000000,137B101,2024-10-31,MG-24-000814,Pittsburgh,29,"",52400.99,Compass Savings Bank,2025-04-25
35760,0094N00012000000,94N12 00000,2023-09-18,MG-23-000856,Pittsburgh,29,"",0,Freedom Mortgage Corporation,2024-01-22
33873,0095R00116000000,95R116,2022-12-15,MG-22-001010,Pittsburgh,29,"",84325.67,MCLP Asset Company Inc.,2023-05-22
38681,0060S00191000000,60S191,2025-03-05,MG-25-000181,Pittsburgh,29,"",17624.5,Dollar Bank Federal Savings Bank,2025-05-07
35087,0094K00125000000,94K125,2023-04-27,MG-23-000396,Pittsburgh,29,"",0,Wilmington Savings Fund Society FSB,2023-05-23
38682,0059J00246000000,59J246,2025-03-03,MG-25-000174,Pittsburgh,29,"",0,Rocket Mortgage LLC,2025-12-17
38902,0060D00269000000,60D269,2025-04-10,MG-25-000296,Pittsburgh,29,"",39554.6,U.S. Bank Trust Company National Association,2025-09-30
36709,0060R00170000000,60R170,2024-03-01,GD-24-002373,Pittsburgh,29,"",76978.76,Citibank N.A,2025-12-19
38487,0094K00125000000,94K125,2025-02-03,GD-25-001179,Pittsburgh,29,"",165680.27,Wilmington Savings Fund Society FSB,2025-07-14
37700,0094F00159000000,94F159,2024-09-19,MG-24-000704,Pittsburgh,29,"",0,Nationstar Mortgage LLC,2024-12-09
38593,0094F00351000000,94F351,2025-02-06,MG-25-000098,Pittsburgh,29,"",108521.01,Carrington Mortgage Services LLC,2025-04-15
35825,0060J00221000000,60J221,2023-09-08,GD-23-010494,Pittsburgh,29,"",14477.03,Northwest Bank,2024-03-11
40245,0095L00304000000,95L304,2026-01-15,MG-26-000031,Pittsburgh,29,"",59404.59,Wells Fargo Bank N.A.,2026-02-10
35753,0095D00370000000,95D370,2023-09-15,MG-23-000850,Pittsburgh,29,"",0,Keybank NA,2024-08-12
33614,0060C00307000000,60C307,2022-03-14,MG-22-000175,Pittsburgh,29,"",36206.26,US Bank National Association,2024-08-11
36865,0095H00364000000,95H364,2024-04-03,MG-24-000243,Pittsburgh,29,"",8979.86,Rocket Mortgage LLC,2024-05-14
33024,0095H00187000000,95H187,2022-10-25,MG-22-000820,Pittsburgh,29,"",0,U.S. Bank National Association,2023-11-27
35840,0060J00220000000,60J220,2023-09-08,GD-23-010494,Pittsburgh,29,"",14477.03,Northwest Bank,2024-03-11
35993,0095L00266000000,95L266,2023-10-10,MG-23-000937,Pittsburgh,29,"",0,Midfirst Bank,2024-01-03
38160,0137A00100000000,137A100,2024-12-09,GD-24-014489,Pittsburgh,29,"",43492.36,Wells Fargo Bank N.A.,2025-01-13
38044,0060S00412000000,60S412,2024-11-13,GD-24-013035,Pittsburgh,29,"",83507.69,Deutsche Bank National Trust Company,2025-01-10
35646,0059N00012000000,59N12,2023-07-31,MG-23-000698,Pittsburgh,29,"",108494.38,Lakeview Loan Servicing LLC,2025-10-02
33712,0094F00350000000,94F350,2022-07-29,MG-22-000556,Pittsburgh,29,"",82986.57,Mortgage Assets Management LLC,2024-12-18
35890,0059E00010000000,59E10,2023-10-05,GD-23-011624,Pittsburgh,29,"",0,Limosa LLC,2025-06-10
36022,0095G00087000000,95G87,2023-09-29,GD-23-011418,Pittsburgh,29,"",145576.96,Wilmington Trust N.A.,2024-11-06
37570,0094E00251000000,94E251,2024-08-05,MG-24-000598,Pittsburgh,29,"",110490.34,Citizens Bank N.A.,2026-02-18
35357,0094K00053000000,94K53,2023-05-31,MG-23-000517,Pittsburgh,29,"",110998.38,Pennymac Loan Services LLC,2023-09-13
37572,0032N00252000000,32N252,2024-08-02,MG-24-000590,Pittsburgh,29,"",42720.86,Deutsche Bank National Trust Company,2024-09-20
40007,0095L00033000000,95L33,2025-11-24,GD-25-012619,Pittsburgh,29,"",77612.95,Lakeview Loan Servicing LLC,2025-12-25
32214,0033P00234000000,0033P234,2020-03-12,GD-20-004137,Pittsburgh,29,"",42033.62,Wells Fargo Bank N.A.,2023-10-30
38918,0060C00011000000,60C11,2025-04-28,GD-25-004548,Pittsburgh,29,"",474675.87,Bridgeway Capital Inc.,2026-02-11
39227,0094F00056000000,94F56,2025-06-24,MG-25-000503,Pittsburgh,29,"",126707.99,Dollar Bank Federal Savings Bank,2026-02-03
34585,0095L00304000000,95L304,2023-02-06,MG-23-000117,Pittsburgh,29,"",0,Wells Fargo Bank N.A.,2025-09-11
37866,0060B00145000000,60B145,2024-10-23,GD-24-011929,Pittsburgh,29,"",106125.04,Citibank N.A.,2026-01-09
37498,0094N00012000000,94N12,2024-07-24,MG-24-000569,Pittsburgh,29,"",79270.69,Freedom Mortgage Corporation,2025-05-23
39340,0137E00080000000,137E80,2025-07-02,GD-25-007261,Pittsburgh,29,"",22330.56,Selene Finance LP,2025-09-16
40417,0137E00080000000,137E80,2026-02-11,MG-26-000119,Pittsburgh,29,"",21672.89,Selene Finance LP,2026-02-24
38109,0137A00282000000,137A282,2024-11-01,MG-24-000820,Pittsburgh,29,"",177294.58,U.S. Bank National Association,2026-02-24
38406,0094E00291000000,94E291,2025-01-23,MG-25-000052,Pittsburgh,29,"",0,Bank of New York Mellon,2025-03-10
40426,0095C00041000000,95C41,2026-01-29,MG-26-000069,Pittsburgh,29,"",0,Pennsylvania Housing Finance Agency,2026-02-24
39108,0137E00164000000,137E164,2024-11-21,MG-24-000875,Pittsburgh,29,"",54654.66,PHH Mortgage Corporation,2026-02-26
37832,0060G00094000000,60G94,2024-10-16,MG-24-000775,Pittsburgh,29,"",52003.88,Pennymac Loan Services LLC,2025-12-09
36777,0095B00302000000,95B302,2024-03-01,MG-24-000152,Pittsburgh,29,"",55929.05,Fifth Third Bank N.A.,2026-02-26
39576,0095D00151000000,95D151,2025-08-13,MG-25-000684,Pittsburgh,29,"",0,Lakeview Loan Servicing LLC,2026-02-06
39233,0060C00369000000,60C369,2025-06-11,MG-25-000474,Pittsburgh,29,"",47017.31,Rocket Mortgage LLC,2025-10-21
39042,0060L00043000000,60L43,2025-05-09,GD-25-005031,Pittsburgh,29,"",48508.29,Lakeview Loan Servicing LLC,2025-08-28
36411,0009S00081000000,9S81,2024-01-11,MG-24-000021,Pittsburgh,3,"",173617.52,PNC Bank National Association,2025-12-12
36270,0011A00171000000,11A171,2023-12-01,GD-23-013693,Pittsburgh,3,"",130582.53,Wilmington Savings Fund Society,2025-03-20
36271,0011A00172000000,11A172,2023-12-01,GD-23-013699,Pittsburgh,3,"",189841.81,Wilmington Savings Fund Society,2024-12-30
30528,0002G00058000000,2G58,2020-09-22,GD-20-010099,Pittsburgh,3,Sheriff Return,0,Bridgeway Capital Inc.,
35873,0002D00085000000,2D85,2023-10-02,GD-23-011455,Pittsburgh,3,"",0,PHH Mortgage Corporation,2025-08-29
35327,0002H00262000000,2H262,2023-05-04,GD-23-005833,Pittsburgh,3,"",114276.49,Beltway Capital LLC,2024-06-05
31730,0002H00262000000,2H262,2022-07-12,MG-22-000514,Pittsburgh,3,Discontinued,99412.7,Beltway Capital LLC,
33214,0002H00262000000,2H262,2022-07-12,MG-22-000514,Pittsburgh,3,"",99412.7,Beltway Capital LLC,2022-11-01
37080,0004S00122000000,4S122,2024-05-07,MG-24-000348,Pittsburgh,3,"",55041.35,U.S. Bank Trust National Association,2024-05-21
38860,0011A00171000000,11A171,2023-12-01,GD-23-013693,Pittsburgh,3,"",130582.53,Wilmington Trust N.A.,2025-12-09
38036,0002F00175002500,2F175 25,2024-11-08,MG-24-000841,Pittsburgh,3,"",88844.54,Bank of America N.A.,2025-12-18
38739,0033B00335000000,33B335,2025-03-03,MG-25-000173,Pittsburgh,30,"",38304.24,JPMorgan Chase Bank National Association,2025-06-26
38908,0014P00075000000,14P75,2025-03-31,GD-25-003548,Pittsburgh,30,"",74788.8,Metropolitan Tower Life Insurance Company,2025-07-24
38577,0033B00310000000,33B310,2025-02-03,MG-25-000084,Pittsburgh,30,"",29599.35,Newrez LLC,2025-03-20
36912,0033K00149000000,33K149,2023-05-30,MG-23-000510,Pittsburgh,30,"",35184.93,US Bank Trust National Association,2026-02-11
31111,0033B00335000000,33B335,2021-12-22,MG-21-000271,Pittsburgh,30,Complaint,,JP Morgan Chase Bank N.A.,
30859,0014R00186000000,14R186,2021-07-09,GD-21-007837,Pittsburgh,30,Complaint,69988.52,Huntington National Bank,
38565,0033F00129000000,33F129,2025-02-24,MG-25-000141,Pittsburgh,30,"",154974.96,CSMC 2021-Rpl4 Trust,2026-02-12
39219,0033C00145000000,33C145,2025-06-25,GD-25-006993,Pittsburgh,30,"",133469.95,West-Aircomm FCU,2025-10-01
30321,0033B00018000000,0033B00018 000000,2020-02-27,MG-20-000242,Pittsburgh,30,Complaint,0,U.S. Bank National Association,
35813,0033K00097000000,33K97,2023-09-15,GD-23-010785,Pittsburgh,30,"",38147.66,JPMorgan Chase Bank National Association,2025-05-22
39816,0033B00310000000,33B310 00000,2025-10-20,MG-25-000911,Pittsburgh,30,"",29693.28,U.S. Bank National Association,2025-11-24
30933,0014P00208000000,14P208,2021-09-08,GD-21-010793,Pittsburgh,30,Sheriff Return,0,F.N.B. Properties Company Inc.,
35307,0033K00149000000,33K149,2023-05-30,MG-23-000510,Pittsburgh,30,"",35184.93,Specialized Loan Servicing LLC,2023-12-08
38134,0033F00287000000,33F287,2024-11-01,MG-24-000816,Pittsburgh,30,"",12392.59,NDF1 LLC,2025-06-11
38293,0033K00048000000,33K48,2024-12-06,GD-24-014407,Pittsburgh,30,"",157098.36,CV3 Alpha RE LLC,2026-02-26
36748,0014P00249000000,14P249,2024-03-12,MG-24-000184,Pittsburgh,30,"",0,U.S. Bank Trust National Association,2026-02-19
32181,0033F00351000000,33F351 000000,2022-06-21,GD-22-007783,Pittsburgh,30,"",0,PNC Bank N.A.,2022-12-16
31602,0033F00351000000,33F351 000000,2022-06-21,GD-22-007783,Pittsburgh,30,Complaint,0,PNC Bank N.A.,
30101,0033J00259000000,33J259,2020-01-13,MG-20-000047,Pittsburgh,30,Certificate of Location,51525.06,Pennsylvania Housing Finance Agency,
34187,0033K00019000000,33K19,2023-01-20,MG-23-000054,Pittsburgh,30,"",64630.17,Bank of America N.A.,2024-06-09
38842,0033F00115000000,33F115,2025-04-10,GD-25-003959,Pittsburgh,30,"",17099.82,Midfirst Bank,2026-01-09
30860,0014L00194000000,14L194,2021-07-09,GD-21-007837,Pittsburgh,30,Complaint,69988.52,Huntington National Bank,
34081,0033F00351000000,33F351,2022-06-21,GD-22-007783,Pittsburgh,30,"",0,PNC Bank N.A.,2023-05-08
34400,0014P00208000000,14P208,2021-09-08,GD-21-010793,Pittsburgh,30,"",0,F.N.B. Properties Company Inc.,2023-02-02
33178,0033B00335000000,33B335,2021-12-22,MG-21-000271,Pittsburgh,30,"",,JP Morgan Chase Bank N.A.,2024-07-02
39718,0033B00112000000,33B112,2025-09-25,GD-25-010079,Pittsburgh,30,"",48907.77,Residential Capital Partners Secured Loan Fund X LLC,2025-10-30
33239,0014K00146000000,0014K00146,2021-09-30,MG-21-000173,Pittsburgh,30,"",0,Huntington National Bank,2022-11-01
37078,0033K00149000000,33K149,2024-05-21,MG-24-000390,Pittsburgh,30,"",0,PNC Bank National Association,2025-10-27
38115,0033F00344000000,33F344,2024-11-25,MG-24-000886,Pittsburgh,30,"",32688.15,Us Bank National Association,2025-02-20
35516,0033F00023000000,33F23,2023-07-21,MG-23-000675,Pittsburgh,30,"",98780.83,LHome Mortgage Trust 2022-RTL2,2024-01-03
39562,0014K00310000000,14K310,2025-08-25,MG-25-000733,Pittsburgh,30,"",0,Deutsche Bank National Trust Company,2026-01-14
30876,0091J00015000000,0091J00015 000000,2021-07-30,GD-21-008888,Pittsburgh,31,Complaint,59343.68,Deutsche Bank National Trust Company,
34552,0091J00015000000,91J15,2021-07-30,GD-21-008888,Pittsburgh,31,"",59343.68,Deutsche Bank National Trust Company,2023-02-22
32643,0185S00178000000,185S178,2021-08-11,GD-21-009527,Pittsburgh,31,"",0,Citizens Bank N.A.,2023-05-24
33960,0184J00101000000,184J101,2022-12-23,MG-22-001035,Pittsburgh,31,"",32754.67,Citizens Bank N.A.,2023-02-24
37851,0133J00299000000,133J299,2024-10-18,MG-24-000783,Pittsburgh,31,"",111400.04,Wilmington Savings Fund Society FSB,2025-05-07
40422,0026F00164000000,26F164,2026-02-04,GD-26-001119,Pittsburgh,31,"",245533.65,Groundfloor Properties GA LLC,2026-02-24
37725,0080P00044000000,80P44,2024-09-05,GD-24-009832,Pittsburgh,31,"",0,Nationstar Mortgage LLC,2024-10-22
39228,0185L00008000000,185L8,2025-06-26,GD-25-007076,Pittsburgh,31,"",13833.15,PNC Bank National Association,2025-11-21
38269,0014F00314000000,14F314,2024-12-05,MG-24-000917,Pittsburgh,31,"",0,Citizens Bank N.A.,2025-03-17
34848,0185S00191000000,185S191,2023-03-01,MG-23-000198,Pittsburgh,31,"",0,Wells Fargo Bank N.A.,2023-11-20
34442,0184E00046000000,184E46,2023-02-09,GD-23-001922,Pittsburgh,31,"",120232.41,Gitsit Solutions LLC,2023-03-13
30819,0135H00078000000,135H078,2021-05-10,MG-21-000094,Pittsburgh,31,Sheriff Return,61650.16,Wells Fargo Bank National Association,
32124,0134A00113000000,134A113,2022-06-02,MG-22-000412,Pittsburgh,31,"",12123.4,Newrez LLC,2024-02-21
32903,0135H00078000000,135H78,2021-05-10,MG-21-000094,Pittsburgh,31,"",61650.16,Wells Fargo Bank National Association,2023-04-10
35377,0185D00314000000,185D314,2023-08-01,MG-23-000702,Pittsburgh,31,"",0,U.S Bank Trust National Association,2025-11-10
37090,0185L00087000000,185L87,2024-05-22,MG-24-000396,Pittsburgh,31,"",0,Pennymac Loan Services LLC,2024-08-22
31442,0243C00269000000,243C269,2022-04-20,GD-22-004529,Pittsburgh,31,Complaint,,Dollar Bank Federal Savings Bank,
33282,0135H00067000000,0135H00067,2020-01-02,MG-20-000005,Pittsburgh,31,"",42887.59,Mill City Mortgage Loan Trust 2018-2,2022-11-01
32789,0091J00015000000,0091J00015,2021-07-30,GD-21-008888,Pittsburgh,31,"",59343.68,Deutsche Bank National Trust Company,2022-11-01
30398,0185S00350000000,185S350,2020-03-12,MG-20-000301,Pittsburgh,31,Complaint,93501.74,Lakeview Loan Servicing LLC,
31297,0184N00210000000,184N210,2022-03-15,GD-22-002883,Pittsburgh,31,Confidential Information Form,67600.36,Ciras L.L.C.,
36868,0184E00251000002,184E251 000002,2024-04-16,MG-24-000286,Pittsburgh,31,"",53673.23,Towd Point Mortgage Trust 2015-3,2025-11-06
30145,0185D00106000000,0185D00106,2020-01-24,MG-20-000088,Pittsburgh,31,Complaint,100562.33,USAA Federal Savings Bank,
38248,0184R00036000000,184R36,2024-12-02,MG-24-000899,Pittsburgh,31,"",138766.06,U.S. Bank Trust National Association,2026-02-05
36275,0184A00325000000,184A325,2023-12-06,MG-23-001102,Pittsburgh,31,"",124082.65,Rocket Mortgage LLC,2026-02-20
31751,0133P00152000000,133P152,2022-07-22,MG-22-000536,Pittsburgh,31,Sheriff Return,0,Bank of America N.A.,
31229,"",NONE,2022-02-17,GD-22-001920,Pittsburgh,31,Complaint,,BDJMJ Holdings LLC,
38175,0243B00166000000,243B166,2024-12-11,MG-24-000932,Pittsburgh,31,"",91910.28,Carrington Mortgage Services LLC,2025-12-22
30059,0135H00067000000,0135H00067 000000,2020-01-02,MG-20-000005,Pittsburgh,31,Sheriff Return,42887.59,Mill City Mortgage Loan Trust 2018-2,
35314,0185M00224000000,185M224,2023-05-12,MG-23-000462,Pittsburgh,31,"",0,PNC Bank National Association,2023-05-30
31094,0185M00036000000,185M36,2021-12-07,MG-21-000253,Pittsburgh,31,Complaint,79018.63,Midirst Bank,
31618,0134A00113000000,134A113,2022-06-02,MG-22-000412,Pittsburgh,31,Praecipe for Appearance,12123.4,Newrez LLC,
32548,"","",2022-02-17,GD-22-001920,Pittsburgh,31,"",,BDJMJ Holdings LLC,2024-05-14
33589,0185S00330000000,185S330,2022-11-04,GD-22-013652,Pittsburgh,31,"",21893.82,Citizens Bank N.A.,2023-04-05
32728,0184N00210000000,184N210,2022-03-15,GD-22-002883,Pittsburgh,31,"",67600.36,Ciras L.L.C.,2023-04-05
35276,0088A00262000000,88A262,2023-05-22,MG-23-000491,Pittsburgh,31,"",0,US Bank National Association,2023-05-25
30896,0185S00178000000,185S178,2021-08-11,GD-21-009527,Pittsburgh,31,Complaint,0,Citizens Bank N.A.,
31546,0134H00192000000,134H192,2022-05-09,MG-22-000354,Pittsburgh,31,Complaint,,Trinity Financial Services LLC,
37589,0184J00223000000,184J223,2024-08-08,MG-24-000609,Pittsburgh,31,"",51583.72,Citigroup Mortgage Loan Trust 2021-A,2026-01-16
33900,0185L00087000000,185L87,2022-12-19,MG-22-001019,Pittsburgh,31,"",0,Pennymac Loan Services LLC,2023-08-25
34014,0133P00079000000,133P79,2022-12-29,MG-22-001063,Pittsburgh,31,"",108206.33,Deutsche Bank National Trust Company,2025-07-01
37592,0184J00220000000,184J220,2024-08-08,MG-24-000609,Pittsburgh,31,"",51583.72,Citigroup Mortgage Loan Trust 2021-A,2026-01-16
32701,0185M00036000000,185M36,2021-12-07,MG-21-000253,Pittsburgh,31,"",79018.63,Midirst Bank,2024-02-15
35687,0185M00028000000,185M28,2023-06-27,MG-23-000602,Pittsburgh,31,"",94353.95,Federal Home Loan Mortgage Corporation,2024-09-16
39702,0184K00040000000,184K40,2025-09-23,MG-25-000832,Pittsburgh,31,"",47785.72,Pittsburgh Firefighters` Federal Credit Union,2025-10-27
37591,0184J00222000000,184J222,2024-08-08,MG-24-000609,Pittsburgh,31,"",51583.72,Citigroup Mortgage Loan Trust 2021-A,2026-01-16
35748,0091R00050000000,91R50,2023-06-14,MG-23-000565,Pittsburgh,31,"",0,U.S. Bank Trust National Association,2026-02-23
38720,0134E00103000000,134E103,2025-03-14,MG-25-000215,Pittsburgh,31,"",113180.22,PennyMac Loan Services LLC,2026-01-16
33091,0133P00152000000,133P152,2022-07-22,MG-22-000536,Pittsburgh,31,"",0,Bank of America N.A.,2023-11-01
37477,0134H00050000000,134H50,2024-07-03,GD-24-007214,Pittsburgh,31,"",76279.37,Citizens Bank N.A.,2025-06-10
35550,0139H00086000000,139H86,2023-06-21,MG-23-000588,Pittsburgh,32,"",0,Freedom Mortgage Corporation,2023-08-23
37118,0138F00258000000,138F258,2024-05-08,GD-24-005239,Pittsburgh,32,"",0,Wells Fargo Bank N.A.,2024-10-23
38506,0096S00278000000,96S278,2024-06-18,MG-24-000452,Pittsburgh,32,"",0,Wilmington Savings Fund Society FSB,2025-06-10
38892,0095P00094000000,95P94,2025-04-09,MG-25-000292,Pittsburgh,32,"",178313.12,PennyMac Loan Services LLC,2026-01-16
36916,0138E00219000000,138E219,2024-04-02,MG-24-000235,Pittsburgh,32,"",0,Newrez LLC,2024-05-16
39507,0095K00001000000,95K1,2025-08-15,MG-25-000694,Pittsburgh,32,"",42642.2,First Commonwealth Bank,2025-09-15
36390,0139D00200000000,139D200,2023-12-29,MG-23-001168,Pittsburgh,32,"",66812.8,PNC Bank National Association,2025-05-20
37736,0138J00037000000,138J37,2024-09-18,MG-24-000701,Pittsburgh,32,"",72699.79,Citizens Bank N.A.,2025-05-28
38068,0095A00022000000,95A22,2024-11-18,MG-24-000865,Pittsburgh,32,"",78164.08,Freedom Mortgage Corporation,2025-01-10
37251,0096S00278000000,96S278 0000,2024-06-18,MG-24-000452,Pittsburgh,32,"",0,Wilmington Savings Fund Society FSB,2025-01-29
35889,0061L00127000000,61L127,2023-10-05,MG-23-000919,Pittsburgh,32,"",0,Wells Fargo Bank N.A.,2023-11-22
35910,0139S00061000000,139S61,2023-10-11,MG-23-000940,Pittsburgh,32,"",0,Pennsylvania Housing Finance Agency,2023-12-20
31801,0138F00258000000,138F258,2022-08-04,MG-22-000573,Pittsburgh,32,Discontinued without Prejudice,0,Wells Fargo Bank N.A.,
36839,0060N00137000000,60N137,2023-06-27,MG-23-000600,Pittsburgh,32,"",59288.58,Dollar Bank FSB,2024-04-04
32034,0138F00258000000,138F258,2022-08-04,MG-22-000573,Pittsburgh,32,"",0,Wells Fargo Bank N.A.,2022-09-10
32028,0096C00092000000,96C92,2022-06-22,MG-22-000466,Pittsburgh,32,"",71174.93,Midfirst Bank,2022-09-09
36170,0095P01333000000,95P1333,2023-11-20,MG-23-001051,Pittsburgh,32,"",0,PNC Bank NA,2026-01-15
39970,0138E00219000000,138E219,2025-11-17,MG-25-000978,Pittsburgh,32,"",183441.69,Newrez LLC,2025-12-11
36629,0138J00037000000,138J37,2022-04-27,MG-22-000325,Pittsburgh,32,"",65320.5,Citizens Bank N.A.,2024-02-27
37548,0061L00127000000,61L127,2024-08-14,MG-24-000622,Pittsburgh,32,"",62855.44,Wells Fargo Bank N.A.,2025-01-31
35670,0095N00094000000,95N94,2023-07-31,MG-23-000695,Pittsburgh,32,"",0,Pennsylvania Housing Finance Agency,2023-09-12
33053,0138E00209000000,138E209,2022-07-25,MG-22-000541,Pittsburgh,32,"",53749.96,Citigroup Mortgage Loan Trust Inc.,2024-02-21
38071,0061R00110000000,61R110,2024-11-04,MG-24-000827,Pittsburgh,32,"",225863.68,Carrington Mortgage Services LLC,2025-09-18
34752,0096C00092000000,96C92,2023-03-21,MG-23-000267,Pittsburgh,32,"",67573.19,Midfirst Bank,2023-11-01
34226,0139D00105000000,139D105,2023-01-23,MG-23-000057,Pittsburgh,32,"",143098.38,Freedom Mortgage Corporation,2023-08-23
35536,0095P00320000000,95P320,2023-08-23,MG-23-000774,Pittsburgh,32,"",0,Loandepot.Com LLC,2024-07-05
34388,0095J00065000000,95J65,2022-08-22,GD-22-010435,Pittsburgh,32,"",625288.99,Gillece Thomas J.,2023-10-03
34394,0095J00065000000,95J65,2022-08-22,GD-22-010435,Pittsburgh,32,"",625288.99,Gillace Mark A.,2023-10-03
30661,0095P00094000000,95P94,2021-01-12,GD-21-000384,Pittsburgh,32,Complaint,0,Pennymac Loan Services LLC,
30704,"",NONE,2021-02-18,GD-21-001375,Pittsburgh,32,Order of Court,99691.39,Dollar Bank Federal Savings Bank,
36001,0138F00258000000,138F258,2023-09-29,MG-23-000896,Pittsburgh,32,"",0,Wells Fargo Bank N.A.,2023-11-16
30759,0096D00277000000,96D277,2021-03-15,MG-21-000061,Pittsburgh,32,Complaint,40181.7,Bank of New York Mellon,
32272,0095J00065000000,95J65,2022-08-22,GD-22-010435,Pittsburgh,32,"",625288.99,Northwest Bank,2023-01-30
35243,0138F00114000000,138F114,2023-05-22,MG-23-000492,Pittsburgh,32,"",52764.61,Truist Bank,2025-05-22
31779,0095J00065000000,95J65,2022-08-22,GD-22-010435,Pittsburgh,32,Complaint,625288.99,Northwest Bank,
30901,0095A00236000000,95A236,2021-08-19,GD-21-009839,Pittsburgh,32,Complaint,0,Pennsylvania Housing Finance Agency,
33711,0473D00176000000,473D176 0000,2022-08-31,MG-22-000648,Pittsburgh,32,"",50125.05,U.S. Bank Trust National Association,2022-11-28
39361,0096S00278000000,96S278,2024-06-18,MG-24-000452,Pittsburgh,32,"",0,OLIT 2024-HB1 Alternative Holdings LLC,2025-08-20
34422,0138F00258000000,138F258,2023-02-07,MG-23-000123,Pittsburgh,32,"",39124.41,Wells Fargo Bank N.A.,2023-04-07
31107,0095A00238000000,95A238,2021-12-21,MG-21-000266,Pittsburgh,32,Complaint,,Midfirst Bank,
35469,0061G00341000000,61G341,2023-07-21,MG-23-000674,Pittsburgh,32,"",0,Matrix Financial Services Corporation,2024-04-15
33370,0095A00238000000,95A238,2021-12-21,MG-21-000266,Pittsburgh,32,"",,Midfirst Bank,2023-09-08
33400,0095P00094000000,95P94,2021-01-12,GD-21-000384,Pittsburgh,32,"",0,Pennymac Loan Services LLC,2023-02-14
31224,0095E00058000000,95E58 000000,2022-02-10,GD-22-001675,Pittsburgh,32,Complaint,,Huntington National Bank,
40370,0138C00108000000,138C108,2026-02-17,MG-26-000135,Pittsburgh,32,"",10463.9,NewRez LLC,2026-02-18
38035,0138E00219000000,138E219,2024-11-08,GD-24-012883,Pittsburgh,32,"",187663.97,Newrez LLC,2025-06-19
33206,0095E00058000000,95E58,2022-02-10,GD-22-001675,Pittsburgh,32,"",,Huntington National Bank,2022-11-01
31511,0138J00037000000,138J37,2022-04-27,MG-22-000325,Pittsburgh,32,Complaint,65320.5,Citizens Bank N.A.,
38584,0095F00157000000,95F157,2025-02-25,MG-25-000150,Pittsburgh,32,"",0,Servbank SB,2025-06-05
32522,0095A00022000000,95A22,2022-09-08,MG-22-000674,Pittsburgh,32,"",0,Freedom Mortgage Corporation,2022-12-29
31672,0096C00092000000,96C92,2022-06-22,MG-22-000466,Pittsburgh,32,Confidential Information Form,71174.93,Midfirst Bank,
31756,0138E00209000000,138E209,2022-07-25,MG-22-000541,Pittsburgh,32,Complaint,53749.96,Citigroup Mortgage Loan Trust Inc.,
30777,0029C00065000000,29C65,2021-04-27,GD-21-004504,Pittsburgh,4,Complaint,0,PNC Bank National Association,
30627,0028R00360000000,28R360,2020-12-11,GD-20-012539,Pittsburgh,4,Complaint,0,Disam Holdings LLC,
30626,0028R00356000000,28R356,2020-12-11,GD-20-012539,Pittsburgh,4,Complaint,0,Disam Holdings LLC,
30625,0028R00362000000,28R362,2020-12-11,GD-20-012539,Pittsburgh,4,Complaint,0,Disam Holdings LLC,
30624,0028R00354000000,28R354,2020-12-11,GD-20-012539,Pittsburgh,4,Complaint,0,Disam Holdings LLC,
34663,0029C00270000000,29C270,2022-01-06,MG-22-000012,Pittsburgh,4,"",,Lakeview Loan Servicing LLC,2024-08-11
30623,0028R00361000000,28R361,2020-12-11,GD-20-012539,Pittsburgh,4,Complaint,0,Disam Holdings LLC,
32104,0028P00165033200,0028P00165 033200,2021-06-18,GD-21-007067,Pittsburgh,4,"",0,Niagara Square Condominium Unit Owners Association,2022-12-16
34102,0028P00165033200,28P165 033200,2021-06-18,GD-21-007067,Pittsburgh,4,"",0,Niagara Square Condominium Unit Owners Association,2023-05-10
34792,0029C00233000000,29C233,2023-03-10,MG-23-000232,Pittsburgh,4,"",84650.71,Bank of New York Mellon Trust Company N.A.,2024-07-24
31168,0029C00270000000,29C270,2022-01-06,MG-22-000012,Pittsburgh,4,Sheriff Return,,Lakeview Loan Servicing LLC,
35392,"","",2023-08-04,GD-23-009459,Pittsburgh,4,"",210189.68,Estate of Gunvor Alice Skogsholm,2023-08-04
30634,0028L00007000000,28L7,2020-12-11,GD-20-012539,Pittsburgh,4,Complaint,0,Disam Holdings LLC,
30633,0028R00359000000,28R359,2020-12-11,GD-20-012539,Pittsburgh,4,Complaint,0,Disam Holdings LLC,
30631,0028R00358000000,28R358,2020-12-11,GD-20-012539,Pittsburgh,4,Complaint,0,Disam Holdings LLC,
31459,0028M00161000000,28M161 0000,2022-04-06,MG-22-000272,Pittsburgh,4,Complaint,193565.86,Reverse Mortgage Funding LLC,
30632,0028R00357000000,28R357,2020-12-11,GD-20-012539,Pittsburgh,4,Complaint,0,Disam Holdings LLC,
34259,0028A00163000000,28A163,2023-01-25,MG-23-000075,Pittsburgh,4,"",19381.48,PNC Bank National Association,2025-10-02
30808,0028P00165021100,0028P00165 021100,2021-05-14,GD-21-005428,Pittsburgh,4,Complaint,0,Niagara Square Condominium Unit Owners Association,
30628,0028R00355000000,28R355,2020-12-11,GD-20-012539,Pittsburgh,4,Complaint,0,Disam Holdings LLC,
40120,0028K00115000000,28K115,2025-12-19,GD-25-013599,Pittsburgh,4,"",38236.78,U.S. Bank Trust National Association,2026-01-06
33198,0028P00165021100,0028P00165 021100,2021-05-14,GD-21-005428,Pittsburgh,4,"",0,Niagara Square Condominium Unit Owners Association,2022-11-01
30833,0028P00165033200,0028P00165 033200,2021-06-18,GD-21-007067,Pittsburgh,4,Complaint,0,Niagara Square Condominium Unit Owners Association,
30630,0028R00353000000,28R353,2020-12-11,GD-20-012539,Pittsburgh,4,Complaint,0,Disam Holdings LLC,
38857,0011D00078000000,11D78,2025-04-15,MG-25-000308,Pittsburgh,4,"",0,HSBC Bank USA National Association,2025-12-29
30629,0028L00005000000,28L5,2020-12-11,GD-20-012539,Pittsburgh,4,Complaint,0,Disam Holdings LLC,
33759,0028M00161000000,28M161 0000,2022-04-06,MG-22-000272,Pittsburgh,4,"",193565.86,Reverse Mortgage Funding LLC,2022-12-13
38886,0011G00040000000,11G40,2025-04-22,MG-25-000325,Pittsburgh,4,"",40155.26,Keybank National Association,2025-11-05
39938,0028G00342000000,28G342,2025-11-07,MG-25-000963,Pittsburgh,4,"",40399.09,Nationstar Mortgage LLC,2025-12-15
34530,0028M00161000000,28M161,2022-04-06,MG-22-000272,Pittsburgh,4,"",193565.86,Reverse Mortgage Funding LLC,2024-06-11
39619,0029C00116000000,29C116,2025-08-28,MG-25-000754,Pittsburgh,4,"",62523.05,U.S. Bank Trust Company National Association,2025-11-07
35153,0028S00059000000,28S59,2023-05-15,MG-23-000472,Pittsburgh,4,"",90376.25,Citigroup Mortgage Loan Trust Inc.,2023-09-22
40156,0028E00253000000,28E253,2025-12-23,GD-25-013826,Pittsburgh,4,"",666401.47,Morgan Stanley Residential Mortgage Loan Trust 2025-HX1,2026-02-06
37136,0010H00339000000,10H339,2024-05-09,MG-24-000362,Pittsburgh,5,"",0,Wilmington Trust National Association,2026-01-21
39788,0026S00054000200,26S54 2,2025-10-14,GD-25-010671,Pittsburgh,5,"",3445307.56,West-Aircomm FCU,2025-11-20
39786,0026S00054000300,26S54 3,2025-10-14,GD-25-010671,Pittsburgh,5,"",3445307.56,West-Aircomm FCU,2025-11-20
39910,0026K00333000000,26K333,2025-10-31,MG-25-000945,Pittsburgh,5,"",65007.01,U.S. Bank National Association,2026-01-28
30765,0027C00009000A00,0027C00009 000A,2021-04-12,GD-21-003663,Pittsburgh,5,Complaint,62462,Cascade Funding Mortgage Trust HB2,
30195,0010M00091000000,10M91,2020-02-13,GD-20-002418,Pittsburgh,5,Complaint,37444.03,Visio Financial Services Inc.,
38663,0027B00279000000,27B279,2025-03-10,MG-25-000203,Pittsburgh,5,"",0,Keybank N.A.,2025-06-12
34359,0027B00085000000,27B85,2023-01-31,MG-23-000094,Pittsburgh,5,"",11889.55,NewRez LLC,2023-12-14
39191,0026J00306000000,26J306,2025-06-02,GD-25-005998,Pittsburgh,5,"",208614.9,Stone Roots N Alternative Holdings S LLC,2025-12-05
39791,0026S00054000100,26S54 1,2025-10-14,GD-25-010671,Pittsburgh,5,"",3445307.56,West-Aircomm FCU,2025-11-20
31690,0026R00169000000,26R169 000000,2022-06-29,MG-22-000484,Pittsburgh,5,Complaint,3500.65,Ajx Mortgage Trust I a Delaware Trust,
38003,0010N00337000000,10N337,2024-11-05,GD-24-012603,Pittsburgh,5,"",0,U.S. Bank National Association,2026-01-27
37137,0010F00015000100,10F15 000100,2024-05-09,MG-24-000365,Pittsburgh,5,"",88670,Wells Fargo Bank National Association,2024-10-30
40449,0027B00233000000,27B233,2026-02-05,MG-26-000098,Pittsburgh,5,"",122804.44,Servis One Inc.,2026-02-26
37994,0026K00333000000,26K333,2024-11-04,MG-24-000825,Pittsburgh,5,"",68351.74,Mill City Mortgage Loan Trust 2021-NMR1,2025-01-16
30480,0026N00021000000,0026N00021,2020-05-08,MG-20-000373,Pittsburgh,5,Complaint,67877.23,Home Loan Investment Bank FSB,
38215,0010M00034000000,10M34,2024-12-16,GD-24-014694,Pittsburgh,5,"",25783.78,BRAVO Residential Funding Trust 2023-RPL1,2026-02-26
35557,0026P00020000000,26P20,2023-08-24,GD-23-010091,Pittsburgh,5,"",46306.44,U.S. Bank Trust National Association,2025-04-17
39561,0010N00036000000,10N36,2025-08-22,MG-25-000730,Pittsburgh,5,"",137685.31,Finance of America Reverse LLC,2025-12-16
35828,0026R00169000000,26R169,2022-06-29,MG-22-000484,Pittsburgh,5,"",3500.65,Ajx Mortgage Trust I a Delaware Trust,2024-06-09
32388,0027C00009000A00,0027C00009 000A,2021-04-12,GD-21-003663,Pittsburgh,5,"",62462,Cascade Funding Mortgage Trust HB2,2022-11-30
39060,0025S00173000A00,25S173 000A,2025-05-21,GD-25-005477,Pittsburgh,5,"",145087.58,U.S. Bank Trust Company National Association,2026-01-20
39638,0026K00245000000,26K245,2025-09-04,GD-25-009383,Pittsburgh,5,"",154899.59,Wilmington Savings Fund Society FSB,2026-01-13
30238,0026N00088000000,26N88,2020-02-07,MG-20-000156,Pittsburgh,5,Certificate of Location,62804.78,First National Bank of Pennsylvania,
40398,0026G00022000000,26G22,2026-02-20,MG-26-000155,Pittsburgh,5,"",42642.31,Fifth Third Bank National Association,2026-02-20
35184,0027C00024000000,27C24,2020-09-29,GD-20-010310,Pittsburgh,5,"",18553.94,Nationstar Mortgage LLC,2026-02-25
37913,0026P00186000000,26P186 0000,2024-10-29,GD-24-012210,Pittsburgh,5,"",217032.39,U.S. Bank Trust Company National Association,2024-11-29
39160,0026N00021000000,26N21,2025-06-10,GD-25-006314,Pittsburgh,5,"",64761.13,Shoreham Bank,2025-12-16
35162,0026N00097000000,26N97,2020-03-18,GD-20-004394,Pittsburgh,5,"",26035.71,SSB Bank,2023-05-15
34279,0027C00009000A00,27C9 000A,2021-04-12,GD-21-003663,Pittsburgh,5,"",62462,Cascade Funding Mortgage Trust HB2,2023-05-04
39156,0026N00021000000,26N21,2020-05-08,MG-20-000373,Pittsburgh,5,"",67877.23,Home Loan Investment Bank FSB,2025-06-10
39512,0027B00258000000,27B258,2025-08-15,GD-25-008803,Pittsburgh,5,"",0,SSB Bank,2025-09-15
30787,0027E00284000000,27E284,2021-04-08,MG-21-000075,Pittsburgh,5,Sheriff Return,75158.73,U.S. Bank Trust National Association,
39474,0026J00325000000,26J325,2025-06-02,GD-25-005998,Pittsburgh,5,"",208614.9,Stone Roots N Alternative Holdings S LLC,2025-12-05
37862,0010L00339000000,10L339,2024-10-22,GD-24-011875,Pittsburgh,5,"",0,U.S. Bank Trust Company National Association,2025-12-30
30351,0026N00097000000,26N97,2020-03-18,GD-20-004394,Pittsburgh,5,Complaint,26035.71,SSB Bank,
39792,0026S00054000400,26S54 4,2025-10-14,GD-25-010671,Pittsburgh,5,"",3445307.56,West-Aircomm FCU,2025-11-20
36307,0027A00243000000,27A243,2023-12-14,GD-23-014286,Pittsburgh,5,"",26972.95,Dollar Bank Federal Savings Bank,2024-01-29
30591,0026M00056000000,26M56,2020-11-09,GD-20-011583,Pittsburgh,5,Motion,8144134.34,KeyBank National Association,
30535,0027C00024000000,27C24,2020-09-29,GD-20-010310,Pittsburgh,5,Complaint,18553.94,Nationstar Mortgage LLC,
38741,0026P00186000000,26P186,2024-10-29,GD-24-012210,Pittsburgh,5,"",217032.39,U.S. Bank Trust Company National Association,2026-02-27
33947,0010H00080000000,10H80,2022-12-22,MG-22-001039,Pittsburgh,5,"",0,PNC Bank National Association,2024-07-22
39187,0026J00325000000,0026J00325,2025-06-02,GD-25-005998,Pittsburgh,5,"",208614.9,Stone Roots N Alternative Holdings S LLC,2025-06-18
34389,0026K00333000000,26K333,2023-02-01,MG-23-000104,Pittsburgh,5,"",69388.81,Mill City Mortgage Loan Trust 2021-NMR1,2023-04-17
36327,0049E00113000000,49E113,2023-11-30,MG-23-001093,Pittsburgh,6,"",0,Wells Fargo Bank N.A.,2023-12-18
37556,0049E00201000000,49E201,2024-08-13,GD-24-008966,Pittsburgh,6,"",18678467.04,Access Point Financial LLC,2026-01-20
35559,0025K00200000000,25K200,2023-08-08,GD-23-009526,Pittsburgh,6,"",3549509.45,Newtek Small Business Finance LLC,2026-02-13
35805,0025G00011000000,25G11,2023-08-31,MG-23-000804,Pittsburgh,6,"",1983408.33,RD Real Estate Debt NEB II LLC,2025-01-31
35811,0025G00007000000,25G7,2023-08-31,MG-23-000804,Pittsburgh,6,"",1983408.33,RD Real Estate Debt NEB II LLC,2025-01-31
36791,0026E00013000000,26E13,2024-03-08,MG-24-000176,Pittsburgh,6,"",53465.04,Citizens Bank N.A.,2024-10-08
36441,0049N00234000000,49N234,2024-01-22,MG-24-000053,Pittsburgh,6,"",138958.54,Lakeview Loan Servicing LLC,2024-04-17
36863,0049P00362000A00,49P362 A,2024-04-15,GD-24-004278,Pittsburgh,6,"",144801.75,TVW LLC,2026-02-10
30231,0025S00072000000,25S72,2020-02-06,MG-20-000149,Pittsburgh,6,Complaint,29260.85,Trinity Financial Services LLC,
32096,0025S00072000000,25S72,2020-02-06,MG-20-000149,Pittsburgh,6,"",29260.85,Trinity Financial Services LLC,2023-03-15
32562,"","",2022-06-16,MG-22-000448,Pittsburgh,6,"",169695.5,Dollar Bank Federal Savings Bank,2023-04-03
30197,0049N00212000000,49N212,2020-02-18,GD-20-002640,Pittsburgh,6,Certificate of Location,175962,Bridge Loan Venture V QV Trust 2018-2,
36926,0049R00130000A00,49R130 A,2024-04-04,GD-24-003774,Pittsburgh,6,"",0,Rice Scott,2024-05-22
33411,0049P00358000000,49P358,2022-02-25,GD-22-002174,Pittsburgh,6,"",109671.08,First Commonwealth Bank,2022-11-01
31654,"",NONE,2022-06-16,MG-22-000448,Pittsburgh,6,Complaint,169695.5,Dollar Bank Federal Savings Bank,
31233,0049P00358000000,49P358,2022-02-25,GD-22-002174,Pittsburgh,6,Certificate of Location,109671.08,First Commonwealth Bank,
30940,0025F00110000000,25F110,2021-09-22,GD-21-011578,Pittsburgh,6,Complaint,1735733.34,TBG Funding LLC,
38509,0049N00324000000,49N324,2025-02-10,MG-25-000106,Pittsburgh,6,"",0,Lakeview Loan Servicing LLC,2026-02-20
33918,0025M00074000000,25M74,2022-12-20,GD-22-015757,Pittsburgh,6,"",99341.05,Residential Capital Partners Secured Loan Fund V LLC,2024-06-11
35051,0026F00092000000,26F92,2023-04-25,GD-23-005353,Pittsburgh,6,"",57400.3,U.S. Bank National Association,2026-02-17
37921,0049N00223000001,49N223 000001,2024-10-10,MG-24-000762,Pittsburgh,6,"",403707.57,Citibank N.A.,2026-02-13
37095,0084N00108000000,84N108,2024-05-07,GD-24-005181,Pittsburgh,7,"",0,PNC Bank National Association,2025-05-27
34318,0052C00291000000,52C291,2023-01-27,MG-23-000086,Pittsburgh,7,"",835210.85,Wells Fargo Bank N.A.,2023-12-27
33730,0085A00222000000,85A222,2022-06-07,GD-22-006956,Pittsburgh,7,"",13000,Shady Court Condominium Association,2025-05-09
39190,0084N00108000000,84N108,2025-06-02,MG-25-000449,Pittsburgh,7,"",99604.78,PNC Bank National Association,2025-11-10
32815,0382H00027000000,0382H00027,2021-09-14,MG-21-000159,Pittsburgh,7,"",40459.39,Sunnyhill Ventures 2020 LLC,2022-11-01
38404,0052A00183010400,52A183 104,2025-01-03,MG-25-000008,Pittsburgh,7,"",131740.58,Citizens Bank N.A.,2025-11-05
33382,0085A00222000000,85A222 000000,2022-11-01,GD-22-013523,Pittsburgh,7,"",62504.81,Premier Bank,2022-12-06
37291,0052D00156000000,52D156,2024-06-03,GD-24-006100,Pittsburgh,7,"",545714.46,Nextier Bank N.A.,2025-08-13
37329,0382M00055000000,382M55,2024-06-27,MG-24-000500,Pittsburgh,7,"",32199.67,Dollar Bank Federal Savings Bank,2025-03-24
37383,0084P00107000000,84P107,2024-07-11,MG-24-000537,Pittsburgh,7,"",0,Midfirst Bank,2024-10-08
33100,0084J00223000000,84J223,2022-10-28,MG-22-000837,Pittsburgh,7,"",190686.92,Broker Solutions Inc.,2022-11-29
30950,0382H00027000000,0382H00027,2021-09-14,MG-21-000159,Pittsburgh,7,Complaint,40459.39,Sunnyhill Ventures 2020 LLC,
33347,0052H00058000000,52H58,2022-11-01,MG-22-000847,Pittsburgh,7,"",0,Keybank N.A.,2023-05-25
34050,0085A00222000000,85A222,2022-11-01,GD-22-013523,Pittsburgh,7,"",62504.81,Premier Bank,2025-03-18
35132,0382H00027000000,382H27,2021-09-14,MG-21-000159,Pittsburgh,7,"",40459.39,Sunnyhill Ventures 2020 LLC,2023-05-10
31591,0085A00222000000,85A222,2022-06-07,GD-22-006956,Pittsburgh,7,Complaint,13000,Shady Court Condominium Association,
38869,0084F00335000000,84F335,2025-04-15,MG-25-000304,Pittsburgh,7,"",207647.77,Community Bank,2026-02-19
34829,0086D00153000000,86D153,2023-03-14,MG-23-000245,Pittsburgh,8,"",182091.75,US Bank Trust National Association,2023-04-11
34137,0051K00112000000,51K112,2023-01-17,MG-23-000039,Pittsburgh,8,"",116159.63,Carrington Mortgage Services LLC,2023-03-15
37345,0051H00122000000,51H122,2024-06-24,GD-24-006939,Pittsburgh,8,"",0,U.S. Bank National Association,2026-01-15
31006,0084E00164000000,84E164,2021-11-03,GD-21-013592,Pittsburgh,8,Praecipe to Reinstate,1036460,U.S. Bank National Association,
37339,0051H00130000000,51H130,2024-06-24,GD-24-006939,Pittsburgh,8,"",0,U.S. Bank National Association,2026-01-15
37876,0051B00041000000,51B41,2024-10-24,GD-24-011959,Pittsburgh,8,"",940871.31,Wilmington Savings Fund Society FSB,2026-02-19
39295,0050S00175000000,50S175,2025-07-10,MG-25-000564,Pittsburgh,8,"",0,Citizens Bank N.A.,2026-02-27
38281,0051E00368000000,51E368,2024-12-05,MG-24-000924,Pittsburgh,8,"",294846.9,PennyMac Loan Services LLC,2024-12-31
30506,0051E00354000000,51E354,2020-08-10,GD-20-008482,Pittsburgh,8,Complaint,0,Standard Bank PaSB,
35906,0050N00314000000,50N314,2023-10-10,MG-23-000939,Pittsburgh,8,"",0,Midfirst Bank,2024-01-02
31777,0051B00059000000,51B59,2022-08-17,GD-22-010212,Pittsburgh,8,Sheriff Return,0,PNC Bank National Association,
35712,0026D00194000000,26D194,2023-09-06,MG-23-000818,Pittsburgh,8,"",0,U.S. Bank Trust National Association,2024-10-25
38444,0026D00293000000,26D293,2025-01-28,MG-25-000067,Pittsburgh,8,"",137509.78,Citizens Bank N.A.,2026-02-20
32679,0051B00059000000,51B59,2022-08-17,GD-22-010212,Pittsburgh,8,"",0,PNC Bank National Association,2024-05-01
37607,0050S00175000000,50S175,2024-08-16,GD-24-009216,Pittsburgh,8,"",12359.78,Citizens Bank N.A.,2024-10-17
33898,0051A00037000000,51A37,2022-12-14,MG-22-001007,Pittsburgh,8,"",39233.98,LSF8 Master Participation Trust,2023-04-28
33172,0084E00164000000,84E164,2021-11-03,GD-21-013592,Pittsburgh,8,"",1036460,U.S. Bank National Association,2022-11-01
34134,0051K00224000000,51K224,2023-01-17,MG-23-000039,Pittsburgh,8,"",116159.63,Carrington Mortgage Services LLC,2023-03-15
36549,0051E00001000000,51E1,2024-02-13,GD-24-001722,Pittsburgh,8,"",68943.7,U.S. Bank N.A.,2026-02-19
37343,0051H00146000000,51H146,2024-06-24,GD-24-006939,Pittsburgh,8,"",0,U.S. Bank National Association,2026-01-15
34786,0461B00319000000,461B319,2023-03-23,MG-23-000284,Pittsburgh,8,"",94812.68,Dollar Bank Federal Savings Bank,2024-03-27
39209,0051G00253000000,51G253,2025-06-20,GD-25-006831,Pittsburgh,8,"",288160.95,U.S. Bank Trust Company National Association,2025-11-14
35521,0049R00129000B00,49R129 000B00,2023-07-19,MG-23-000665,Pittsburgh,9,"",93316.09,Rocket Mortgage LLC,2023-08-21
36172,0049L00261000000,49L261,2023-11-20,MG-23-001052,Pittsburgh,9,"",135391.51,U.S. Bank Trust National Association,2025-03-20
39077,0049G00116000000,49G116,2025-05-27,MG-25-000425,Pittsburgh,9,"",0,The Pennsylvania Housing Finance Agency,2025-05-27
37864,0049L00378000000,49L378,2024-10-22,MG-24-000789,Pittsburgh,9,"",176652.07,Newrez LLC,2025-03-03
35396,0049F00352000000,49F352,2023-08-07,MG-23-000721,Pittsburgh,9,"",7167.27,Dollar Bank Federal Savings Bank,2024-12-11
39703,0049F00254000000,49F254,2025-09-19,MG-25-000819,Pittsburgh,9,"",6638.14,Citizens Bank N.A.,2025-11-14
36577,0049G00185000000,49G185,2024-02-19,GD-24-001870,Pittsburgh,9,"",0,Wilmington Savings Fund Society FSB,2025-11-21
30770,0049B00173000000,49B173,2021-04-22,GD-21-004273,Pittsburgh,9,Order of Court,0,Carlton Court Development LLC,
31697,0049K00257000000,49K257,2022-07-08,GD-22-008616,Pittsburgh,9,Affidavit of Service,0,U.S. Bank National Association,
31977,0049G00046000000,49G46,2022-01-10,GD-22-000363,Pittsburgh,9,"",0,Midfirst Bank,2023-08-01
37731,0050N00036000000,50N36,2024-09-24,MG-24-000709,Pittsburgh,9,"",0,PNC Bank National Association,2026-02-23
33493,0049L00261000000,49L261,2020-02-28,MG-20-000253,Pittsburgh,9,"",137915.61,U.S. Bank Trust National Association,2023-03-10
31481,0080G00019000000,80G19 000000,2022-04-19,MG-22-000295,Pittsburgh,9,Complaint,0,Deutsche Bank National Trust Company,
39242,0049G00116000000,49G116,2025-05-27,MG-25-000425,Pittsburgh,9,"",0,Pennsylvania Housing Finance Agency,2026-02-20
31121,0049G00046000000,49G46 000000,2022-01-10,GD-22-000363,Pittsburgh,9,Motion for Alternative Service,0,Midfirst Bank,
35006,0049M00311000000,49M311,2023-04-20,MG-23-000372,Pittsburgh,9,"",8641.7,Citizens Bank N.A.,2025-10-27
31092,0050N00042000000,50N42,2021-12-06,MG-21-000251,Pittsburgh,9,Sheriff Return,,Reverse Mortgage Funding LLC,
39283,0080G00088000000,80G88,2025-07-07,GD-25-007332,Pittsburgh,9,"",461272.35,Wilmington Savings Fund Society FSB,2026-02-11
37553,0049A00185000000,49A185,2024-08-13,GD-24-008966,Pittsburgh,9,"",18678467.04,Access Point Financial LLC,2026-01-20
35442,"","",2023-06-26,GD-23-007882,Pittsburgh,9,"",339381.56,Wilmington Savings Fund Society FSB,2024-09-27
37880,0049M00311000000,49M311,2024-10-09,MG-24-000761,Pittsburgh,9,"",16424.97,Citizens Bank N.A.,2025-02-03
35652,0049S00232000000,49S232 000,2023-08-30,MG-23-000794,Pittsburgh,9,"",28050.11,Specialized Loan Servicing LLC,2025-01-17
38073,0463A00063000000,463A63,2024-11-19,MG-24-000869,Pittsburgh,9,"",28689.14,Bank of New York Mellon,2026-02-24
32500,0049K00257000000,49K257,2022-07-08,GD-22-008616,Pittsburgh,9,"",0,U.S. Bank National Association,2023-05-31
30359,0049G00155000000,049G0155,2020-03-02,MG-20-000261,Pittsburgh,9,Complaint,54789.44,U.S. Bank National Association,
37808,"","",2023-06-26,GD-23-007882,Pittsburgh,9,"",339381.56,FACo REO Securitization Sub I LLC,2026-01-14
39183,0049F00254000000,49F254,2025-06-11,MG-25-000473,Pittsburgh,9,"",61391.96,Citizens Bank N.A.,2026-02-24
36790,0049E00201000000,49E201,2024-03-26,GD-24-003511,Pittsburgh,9,"",15801970.25,Access Point Financial,2024-04-26
35235,0080N00137000000,80N137,2023-05-08,MG-23-000442,Pittsburgh,9,"",149632.35,Deutsche Bank National Trust Company,2024-03-25
34681,0080G00019000000,80G19,2022-04-19,MG-22-000295,Pittsburgh,9,"",0,Deutsche Bank National Trust Company,2024-06-09
36794,0049A00185000000,49A185,2024-03-26,GD-24-003511,Pittsburgh,9,"",15801970.25,Access Point Financial,2024-04-26
31384,0012F00233000000,12F233,2022-03-23,MG-22-000201,Pittsburgh,,Praecipe for Appearance,198921.85,Nationstar Mortgage LLC,
31153,1238R00169000000,1238R169,2022-01-21,GD-22-000836,Pittsburgh,,Complaint,,Bank United N.A.,
37754,0375P00089000000,375P89,2024-09-27,MG-24-000720,East Pittsburgh Boro,,"",17797.87,Pennsylvania Housing Finance Agency,2026-01-14
32402,0176L00355000000,176L355,2022-02-07,MG-22-000075,Pittsburgh,,"",,U.S Bank Trust N.A.,2024-02-20
33261,0041K00260000000,41K260,2020-12-14,MG-20-000439,Pittsburgh,,"",0,Wilmington Savings Fund Society FSB,2022-11-01
33852,0375K00199000000,375K199,2022-12-14,GD-22-015466,East Pittsburgh Boro,,"",117648.62,Wilmington Savings Fund Society FSB,2023-02-10
34170,0026N00044000000,26N44,2021-03-18,MG-21-000062,Pittsburgh,,"",70456.77,U.S. Bank National Association,2023-04-24
31741,0070E00036000000,70E36,2022-07-15,MG-22-000526,Pittsburgh,,Sheriff Return,15099.49,Nationstar Mortgage LLC,
39478,0375R00207000000,375R207,2025-08-06,MG-25-000663,East Pittsburgh Boro,,"",99979.22,Northpointe Bank,2025-12-23
30082,"",NONE,2020-01-08,MG-20-000028,Pittsburgh,,Sheriff Return,0,REOTrust 2017-RPL1,
31030,1100C00079000000,1100C79,2021-11-04,MG-21-000206,Pittsburgh,,Sheriff Return,82375.58,American Advisors Group,
31425,0192S00270000000,192S270 0000,2022-03-29,MG-22-000242,Pittsburgh,,Complaint,,Reverse Mortgage Funding LLC,
30974,0062D00339000000,62D339,2021-10-25,GD-21-013120,Pittsburgh,,Complaint,0,MTGLQ Investors L.P.,
33378,0375R00168000000,375R168,2022-03-30,MG-22-000255,East Pittsburgh Boro,,"",137049.18,AmeriHome Mortgage Company LLC,2024-06-09
31472,0126E00071000000,126E71,2022-04-13,MG-22-000286,Pittsburgh,,Sheriff Return,,Lakeview Loan Servicing LLC,
30372,0050K00205000000,50K205,2020-03-05,MG-20-000274,Pittsburgh,,Complaint,11953.29,PNC Bank National Association,
33679,0298F00207000000,298F207,2022-03-02,GD-22-002427,Pittsburgh,,"",,Wilmington Savings Fund Society FSB,2024-01-19
31475,0022L00050000000,22L50,2022-04-14,MG-22-000289,Pittsburgh,,Sheriff Return,,Bank of America N.A.,
34970,0161E00221000000,161E221,2022-06-27,MG-22-000481,Pittsburgh,,"",126056.53,Loancare LLC,2023-04-18
40447,0375R00140000000,375R140,2026-02-26,MG-26-000164,East Pittsburgh Boro,,"",73187.76,Rocket Mortgage LLC,2026-02-26
35898,0375L00127000000,375L127,2023-10-09,GD-23-011760,East Pittsburgh Boro,,"",47645.07,PNC Bank N.A.,2026-01-28
33546,0126E00071000000,126E71,2022-04-13,MG-22-000286,Pittsburgh,,"",,Lakeview Loan Servicing LLC,2025-04-21
35464,0162R00026000000,162R26,2022-06-29,MG-22-000486,Pittsburgh,,"",82288.95,US Bank Trust National Association,2023-08-16
32588,0516F00310000000,516F310,2021-11-05,GD-21-013676,Pittsburgh,,"",138796.21,Dollar Bank FSB,2025-04-10
34775,0040D00240000000,40D240,2022-04-28,MG-22-000326,Pittsburgh,,"",230732.39,Community Loan Servicing LLC,2023-03-22
35821,0375K00199000000,375K199,2023-09-07,GD-23-010478,East Pittsburgh Boro,,"",118957.55,Wilmington Savings Fund Society FSB,2024-12-11
30809,0375A00181000000,375A181,2021-05-18,GD-21-005519,East Pittsburgh Boro,,Praecipe for Appearance,6019.72,Trinity Financial Services LLC,
36707,0375G00252000000,375G252,2024-02-29,MG-24-000151,East Pittsburgh Boro,,"",61730.08,U.S. Bank National Association,2024-03-18
37547,0375K00208000000,375K208,2024-08-14,MG-24-000621,East Pittsburgh Boro,,"",64750.13,Wells Fargo Bank N.A.,2025-01-08
36712,0012F00233000000,12F233,2022-03-23,MG-22-000201,Pittsburgh,,"",198921.85,Mortage Assets Management LLC,2024-06-04
30050,0120M00138000000,120M138,2020-01-28,GD-20-001468,Pittsburgh,,Complaint,242939.63,First Guaranty Mortgage Corporation,
30054,0077S00267000000,77S267,2020-01-30,GD-20-001810,Pittsburgh,,Complaint,0,U.S. Bank National Association Et Al.,
30760,0026N00044000000,0026N00044,2021-03-18,MG-21-000062,Pittsburgh,,Sheriff Return,70456.77,U.S. Bank National Association,
34947,0004M00192000000,4M192,2020-02-17,MG-20-000203,Pittsburgh,,"",99131.02,Bank of America N.A.,2023-04-12
34298,0232A00155000000,232A155,2022-06-01,MG-22-000405,Pittsburgh,,"",59196.41,U.S. Bank Trust N.A.,2024-03-22
32366,0062B00170000000,62B170,2022-01-03,MG-22-000001,Pittsburgh,,"",,Loancare LLC,2023-05-23
30722,0083A00078000000,0083A00078,2021-02-17,MG-21-000035,Pittsburgh,,Discontinued,0,Deutsche Bank National Trust Company,
32128,0063F00206000000,63F206,2022-06-01,MG-22-000404,Pittsburgh,,"",0,Bank of America N.A.,2023-09-27
30734,9880X85587000000,9880X85587,2021-03-03,GD-21-001768,Pittsburgh,,Sheriff Return,0,JMJL Investment Group LLC,
32683,0062D00339000000,62D339,2021-10-25,GD-21-013120,Pittsburgh,,"",0,MTGLQ Investors L.P.,2023-05-23
30687,0075H00219000000,0075H00219,2021-01-29,MG-21-000021,Pittsburgh,,Complaint,0,U.S. Bank National Association,
37367,0012F00233000000,12F233,2022-03-23,MG-22-000201,Pittsburgh,,"",198921.85,PHH Mortgage Corporation,2025-12-10
30649,0041K00260000000,41K260,2020-12-14,MG-20-000439,Pittsburgh,,Complaint,0,Wilmington Savings Fund Society FSB,
31512,0040D00240000000,40D240,2022-04-28,MG-22-000326,Pittsburgh,,Complaint,230732.39,Community Loan Servicing LLC,
35083,0375L00127000000,375L127,2023-04-14,MG-23-000351,East Pittsburgh Boro,,"",45061.66,PNC Bank National Association,2023-04-27
31531,0036C00001000000,36C1,2022-05-03,MG-22-000339,Pittsburgh,,Complaint,,Mortgage Assets Management LLC,
30283,0004M00192000000,0004M00192,2020-02-17,MG-20-000203,Pittsburgh,,Complaint,99131.02,Bank of America N.A.,
33414,0012F00233000000,12F233,2022-03-23,MG-22-000201,Pittsburgh,,"",198921.85,Nationstar Mortgage LLC,2024-02-23
36111,0036C00001000000,36C1,2022-05-03,MG-22-000339,Pittsburgh,,"",,Cascade Funding Mortgage Trust HB10,2024-02-16
31610,0063F00206000000,63F206,2022-06-01,MG-22-000404,Pittsburgh,,Complaint,0,Bank of America N.A.,
31611,0232A00155000000,232A155 000000,2022-06-01,MG-22-000405,Pittsburgh,,Praecipe to Reinstate,59196.41,U.S. Bank Trust N.A.,
33616,0375P00089000000,375P89,2022-11-16,MG-22-000906,East Pittsburgh Boro,,"",23275.23,Pennsylvania Housing Finance Agency,2024-01-18
32429,0013G00228000000,13G228,2022-03-03,MG-22-000146,Pittsburgh,,"",16818.27,Trinity Financial Services LLC,2022-12-21
31871,0185S00303000000,185S303,2022-03-16,MG-22-000178,Pittsburgh,,"",62323.51,U.S. Bank National Association,2023-04-13
31877,0022L00050000000,22L50,2022-04-14,MG-22-000289,Pittsburgh,,"",,Bank of America N.A.,2022-09-01
33171,0174K00314000000,174K314,2022-03-31,MG-22-000258,Pittsburgh,,"",,Midfirst Bank,2024-03-12
31687,0161E00221000000,161E221,2022-06-27,MG-22-000481,Pittsburgh,,Complaint,126056.53,Loancare LLC,
33191,0036C00001000000,36C1,2022-05-03,MG-22-000339,Pittsburgh,,"",,Mortgage Assets Management LLC,2023-09-08
37240,9880X85587000000,9880X85587,2021-03-03,GD-21-001768,Pittsburgh,,"",0,JMJL Investment Group LLC,2024-08-01
30403,0013C00305000A00,13C305 A,2020-03-13,MG-20-000306,Pittsburgh,,Complaint,0,Wilmington Savings Fund Society FSB,
33961,0026N00044000000,0026N00044,2021-03-18,MG-21-000062,Pittsburgh,,"",70456.77,U.S. Bank National Association,2022-12-23
30400,0040A00304000000,40A304,2020-03-12,MG-20-000303,Pittsburgh,,Complaint,0,REO Trust 2017-RPL1,
36037,0026N00044000000,26N44,2021-03-18,MG-21-000062,Pittsburgh,,"",70456.77,U.S. Bank Trust Company National Association,2024-02-26
32091,0192S00270000000,192S270 0000,2022-03-29,MG-22-000242,Pittsburgh,,"",,Reverse Mortgage Funding LLC,2022-09-13
32617,0070E00036000000,70E36,2022-07-15,MG-22-000526,Pittsburgh,,"",15099.49,Nationstar Mortgage LLC,2024-04-10
32127,0078F00007000000,78F7,2022-03-18,MG-22-000183,Pittsburgh,,"",11509.36,US Bank Trust National Association,2022-09-14
31355,"",97561,2022-03-14,MG-22-000173,Pittsburgh,,Sheriff Return,93376.28,Reverse Mortgage Funding LLC,
31350,0175C00035000000,175C35,2022-03-10,MG-22-000168,Pittsburgh,,Motion for Alternative Service,,PHH Mortgage Corporation,
31010,0516F00310000000,516F310,2021-11-05,GD-21-013676,Pittsburgh,,Complaint,138796.21,Dollar Bank FSB,
31328,0013G00228000000,13G228,2022-03-03,MG-22-000146,Pittsburgh,,Sheriff Return,16818.27,Trinity Financial Services LLC,
33344,0232A00155000000,232A155 000000,2022-06-01,MG-22-000405,Pittsburgh,,"",59196.41,U.S. Bank Trust N.A.,2022-11-01
31293,0298F00207000000,298F207,2022-03-02,GD-22-002427,Pittsburgh,,Complaint,,NRP Mortgage Trust I,
31273,0668J00106000000,668J106 0000,2022-02-18,MG-22-000106,Pittsburgh,,Sheriff Return,322016.99,PNC Bank N.A.,
36563,0375P00186000000,375P186,2024-02-15,GD-24-001792,East Pittsburgh Boro,,"",0,EF Mortgage LLC,2025-07-18
31243,0176L00355000000,176L355,2022-02-07,MG-22-000075,Pittsburgh,,Complaint,,U.S Bank Trust N.A.,
35708,0004M00192000000,4M192,2020-02-17,MG-20-000203,Pittsburgh,,"",99131.02,Carrington Mortgage Services LLC,2024-01-19
33355,0175C00035000000,175C35,2022-03-10,MG-22-000168,Pittsburgh,,"",,PHH Mortgage Corporation,2022-11-01
32931,0162R00026000000,162R26 000000,2022-06-29,MG-22-000486,Pittsburgh,,"",82288.95,US Bank Trust National Association,2022-11-01
31360,0185S00303000000,185S303,2022-03-16,MG-22-000178,Pittsburgh,,Praecipe for Appearance,62323.51,U.S. Bank National Association,
31157,0062B00170000000,62B170 000000,2022-01-03,MG-22-000001,Pittsburgh,,Praecipe for Appearance,,Loancare LLC,
33325,0375A00181000000,375A181,2021-05-18,GD-21-005519,East Pittsburgh Boro,,"",6019.72,Trinity Financial Services LLC,2023-02-21
35965,0175C00035000000,175C35,2022-03-10,MG-22-000168,Pittsburgh,,"",,Ocwen Loan Acquisition Trust 2023-HBI,2025-02-03
31366,0078F00007000000,78F7,2022-03-18,MG-22-000183,Pittsburgh,,Complaint,11509.36,US Bank Trust National Association,
36879,0375R00106000000,375R106,2024-04-17,MG-24-000291,East Pittsburgh Boro,,"",26442.46,Firstkey Master Funding 2021-A Collateral Trust,2024-10-24
38544,0375R00060000000,375R60,2025-02-18,MG-25-000124,East Pittsburgh Boro,,"",42681.05,Bank of New York Mellon,2025-05-19
39200,0375K00186000000,375K186,2025-06-19,MG-25-000498,East Pittsburgh Boro,,"",92064.65,U.S. Bank Trust National Association,2026-01-28
